ck1b4l4q6d4g40863zupqcaru,ck16vr1x6tp1z0cwbcjhrdipr,https://storage.labelbox.com/cjxfb4ehfdfdp0944egvsris7%2F183d2661-e2fb-5a43-15ff-c22f1c7d438b-VID_20190926_164955_image-0002.png?Expires=1576542940366&KeyName=labelbox-assets-key-1&Signature=DTS1mZFhsqLunc_aqTsbXHHNtLk,"{""face_1"":[{""geometry"":[{""x"":738,""y"":157},{""x"":981,""y"":157},{""x"":981,""y"":479},{""x"":738,""y"":479}]}],""bracelet_1"":[{""geometry"":[{""x"":863,""y"":738},{""x"":1050,""y"":738},{""x"":1050,""y"":891},{""x"":863,""y"":891}]}],""necklace_1"":[{""geometry"":[{""x"":777,""y"":476},{""x"":962,""y"":476},{""x"":962,""y"":627},{""x"":777,""y"":627}]}],""left_upper_arm"":[{""geometry"":[{""x"":1030,""y"":599},{""x"":1124,""y"":599},{""x"":1124,""y"":708},{""x"":1030,""y"":708}]}]}",chen478@iu.edu,Inconsistency_test,1570132897000,1570506096000,27.249,VID_20190926_164955_image-0002.png,,,,,satoshi,[],https://image-segmentation-v4.labelbox.com?project=cjz1nb9jc3vpf0701i6q1e3iz&label=ck1b4l4q6d4g40863zupqcaru
ck1b4ln7sgs8o0721ghlb1snp,ck16vr1x6tp2b0cwbgyjd5h9d,https://storage.labelbox.com/cjxfb4ehfdfdp0944egvsris7%2Fdac8138c-ff52-d561-2d98-be68ef41265a-VID_20190926_164955_image-0005.png?Expires=1576542940367&KeyName=labelbox-assets-key-1&Signature=nIrpVapQ4MHr-4-cNokxpUER3zE,"{""face_1"":[{""geometry"":[{""x"":789,""y"":145},{""x"":1017,""y"":145},{""x"":1017,""y"":489},{""x"":789,""y"":489}]}],""bracelet_1"":[{""geometry"":[{""x"":953,""y"":776},{""x"":1115,""y"":776},{""x"":1115,""y"":933},{""x"":953,""y"":933}]}],""necklace_1"":[{""geometry"":[{""x"":852,""y"":473},{""x"":1009,""y"":473},{""x"":1009,""y"":638},{""x"":852,""y"":638}]}],""left_upper_arm"":[{""geometry"":[{""x"":1094,""y"":595},{""x"":1170,""y"":595},{""x"":1170,""y"":735},{""x"":1094,""y"":735}]}]}",chen478@iu.edu,Inconsistency_test,1570132921000,1570132921000,23.161,VID_20190926_164955_image-0005.png,,,,,satoshi,[],https://image-segmentation-v4.labelbox.com?project=cjz1nb9jc3vpf0701i6q1e3iz&label=ck1b4ln7sgs8o0721ghlb1snp
ck1b4m30yf37w0944gov39vxl,ck16vr1x7tp2n0cwbcqra27jx,https://storage.labelbox.com/cjxfb4ehfdfdp0944egvsris7%2F5107f928-f9bd-041c-c3fe-7ca26f2af5d7-VID_20190926_164955_image-0008.png?Expires=1576542940367&KeyName=labelbox-assets-key-1&Signature=W-K6YiSPQKjhoZFKmsJJ28J0WKc,"{""face_1"":[{""geometry"":[{""x"":812,""y"":192},{""x"":1039,""y"":192},{""x"":1039,""y"":515},{""x"":812,""y"":515}]}],""bracelet_1"":[{""geometry"":[{""x"":973,""y"":816},{""x"":1091,""y"":816},{""x"":1091,""y"":956},{""x"":973,""y"":956}]}],""necklace_1"":[{""geometry"":[{""x"":855,""y"":499},{""x"":1042,""y"":499},{""x"":1042,""y"":666},{""x"":855,""y"":666}]}],""left_upper_arm"":[{""geometry"":[{""x"":1114,""y"":625},{""x"":1193,""y"":625},{""x"":1193,""y"":753},{""x"":1114,""y"":753}]}]}",chen478@iu.edu,Inconsistency_test,1570132941000,1570132941000,20.037,VID_20190926_164955_image-0008.png,,,,,satoshi,[],https://image-segmentation-v4.labelbox.com?project=cjz1nb9jc3vpf0701i6q1e3iz&label=ck1b4m30yf37w0944gov39vxl
ck1b4mmmupygt0a46u3ibkn7f,ck16vr1x6tp230cwb9eyca0tz,https://storage.labelbox.com/cjxfb4ehfdfdp0944egvsris7%2F80bc843e-cb4d-7765-15b4-5089523602ee-VID_20190926_164955_image-0003.png?Expires=1576542940367&KeyName=labelbox-assets-key-1&Signature=kDZ-90NHDoKYb_F4B-IHYRZEqNU,"{""face_1"":[{""geometry"":[{""x"":767,""y"":140},{""x"":1006,""y"":140},{""x"":1006,""y"":475},{""x"":767,""y"":475}]}],""bracelet_1"":[{""geometry"":[{""x"":921,""y"":772},{""x"":1063,""y"":772},{""x"":1063,""y"":888},{""x"":921,""y"":888}]}],""necklace_1"":[{""geometry"":[{""x"":829,""y"":461},{""x"":987,""y"":461},{""x"":987,""y"":615},{""x"":829,""y"":615}]}],""left_upper_arm"":[{""geometry"":[{""x"":1084,""y"":594},{""x"":1160,""y"":594},{""x"":1160,""y"":717},{""x"":1084,""y"":717}]}]}",chen478@iu.edu,Inconsistency_test,1570132966000,1570132966000,22.616,VID_20190926_164955_image-0003.png,,,,,satoshi,[],https://image-segmentation-v4.labelbox.com?project=cjz1nb9jc3vpf0701i6q1e3iz&label=ck1b4mmmupygt0a46u3ibkn7f
ck1b4n272pyot0a46mffxyyyd,ck16vr1x6tp2f0cwbg3szfoo8,https://storage.labelbox.com/cjxfb4ehfdfdp0944egvsris7%2F24e87128-069f-a909-f8ce-93a54bc5ea24-VID_20190926_164955_image-0006.png?Expires=1576542940367&KeyName=labelbox-assets-key-1&Signature=gKiIT1mVMZE3Qui2OIPMtF_eCbQ,"{""face_1"":[{""geometry"":[{""x"":795,""y"":189},{""x"":1037,""y"":189},{""x"":1037,""y"":513},{""x"":795,""y"":513}]}],""bracelet_1"":[{""geometry"":[{""x"":956,""y"":801},{""x"":1072,""y"":801},{""x"":1072,""y"":930},{""x"":956,""y"":930}]}],""necklace_1"":[{""geometry"":[{""x"":842,""y"":474},{""x"":1017,""y"":474},{""x"":1017,""y"":663},{""x"":842,""y"":663}]}],""left_upper_arm"":[{""geometry"":[{""x"":1094,""y"":623},{""x"":1185,""y"":623},{""x"":1185,""y"":762},{""x"":1094,""y"":762}]}]}",chen478@iu.edu,Inconsistency_test,1570132987000,1570132987000,19.595,VID_20190926_164955_image-0006.png,,,,,satoshi,[],https://image-segmentation-v4.labelbox.com?project=cjz1nb9jc3vpf0701i6q1e3iz&label=ck1b4n272pyot0a46mffxyyyd
ck1b4nh4ecidx0838by6r87d7,ck16vr1x6tp1v0cwb7kt04x60,https://storage.labelbox.com/cjxfb4ehfdfdp0944egvsris7%2F24097387-63e4-a453-8a0b-6bddef69b833-VID_20190926_164955_image-0001.png?Expires=1576542940367&KeyName=labelbox-assets-key-1&Signature=JlNIjmI_g7wpDPHyVQ8I9PuH2Vc,"{""face_1"":[{""geometry"":[{""x"":737,""y"":150},{""x"":973,""y"":150},{""x"":973,""y"":488},{""x"":737,""y"":488}]}],""bracelet_1"":[{""geometry"":[{""x"":899,""y"":757},{""x"":1043,""y"":757},{""x"":1043,""y"":892},{""x"":899,""y"":892}]}],""necklace_1"":[{""geometry"":[{""x"":778,""y"":456},{""x"":973,""y"":456},{""x"":973,""y"":620},{""x"":778,""y"":620}]}],""left_upper_arm"":[{""geometry"":[{""x"":1041,""y"":606},{""x"":1130,""y"":606},{""x"":1130,""y"":725},{""x"":1041,""y"":725}]}]}",chen478@iu.edu,Inconsistency_test,1570133006000,1570133006000,18.274,VID_20190926_164955_image-0001.png,,,,,satoshi,[],https://image-segmentation-v4.labelbox.com?project=cjz1nb9jc3vpf0701i6q1e3iz&label=ck1b4nh4ecidx0838by6r87d7
ck1b4nxhfcip30838w3ar3qye,ck16vr1x6tp270cwb30wh5d2n,https://storage.labelbox.com/cjxfb4ehfdfdp0944egvsris7%2F1bfe0a4f-5923-c9dc-2a73-cedd6f633178-VID_20190926_164955_image-0004.png?Expires=1576542940367&KeyName=labelbox-assets-key-1&Signature=uQq7KPjOzO3YWxz2vItJSmn8nG8,"{""face_1"":[{""geometry"":[{""x"":765,""y"":140},{""x"":1023,""y"":140},{""x"":1023,""y"":482},{""x"":765,""y"":482}]}],""bracelet_1"":[{""geometry"":[{""x"":941,""y"":772},{""x"":1073,""y"":772},{""x"":1073,""y"":907},{""x"":941,""y"":907}]}],""necklace_1"":[{""geometry"":[{""x"":836,""y"":436},{""x"":1002,""y"":436},{""x"":1002,""y"":621},{""x"":836,""y"":621}]}],""left_upper_arm"":[{""geometry"":[{""x"":1077,""y"":606},{""x"":1161,""y"":606},{""x"":1161,""y"":713},{""x"":1077,""y"":713}]}]}",chen478@iu.edu,Inconsistency_test,1570133027000,1570133027000,20.714,VID_20190926_164955_image-0004.png,,,,,satoshi,[],https://image-segmentation-v4.labelbox.com?project=cjz1nb9jc3vpf0701i6q1e3iz&label=ck1b4nxhfcip30838w3ar3qye
ck1b4og7vgtg60721nlcufxly,ck16vr1x6tp2j0cwb43v89dhd,https://storage.labelbox.com/cjxfb4ehfdfdp0944egvsris7%2Fa18b20c0-9245-333e-f4ca-cbbf6f9d2a21-VID_20190926_164955_image-0007.png?Expires=1576542940367&KeyName=labelbox-assets-key-1&Signature=pxXZJBA3Gtt-GWUz8QrpubTtNpw,"{""face_1"":[{""geometry"":[{""x"":797,""y"":186},{""x"":1047,""y"":186},{""x"":1047,""y"":508},{""x"":797,""y"":508}]}],""bracelet_1"":[{""geometry"":[{""x"":959,""y"":820},{""x"":1104,""y"":820},{""x"":1104,""y"":943},{""x"":959,""y"":943}]}],""necklace_1"":[{""geometry"":[{""x"":861,""y"":485},{""x"":1024,""y"":485},{""x"":1024,""y"":661},{""x"":861,""y"":661}]}],""left_upper_arm"":[{""geometry"":[{""x"":1110,""y"":633},{""x"":1183,""y"":633},{""x"":1183,""y"":774},{""x"":1110,""y"":774}]}]}",chen478@iu.edu,Inconsistency_test,1570133051000,1570133051000,23.844,VID_20190926_164955_image-0007.png,,,,,satoshi,[],https://image-segmentation-v4.labelbox.com?project=cjz1nb9jc3vpf0701i6q1e3iz&label=ck1b4og7vgtg60721nlcufxly
ck1b4ozlspzp20a46cfrnhpuf,ck16vrffytp2z0cwb0wf4f8d2,https://storage.labelbox.com/cjxfb4ehfdfdp0944egvsris7%2Fc433a951-fb66-69f6-0e88-e5069615fd63-VID_20190926_165016_image-0003.png?Expires=1576542940367&KeyName=labelbox-assets-key-1&Signature=bNFJ3z0DZNHVSdoYc-_QFjcovkg,"{""face_1"":[{""geometry"":[{""x"":880,""y"":112},{""x"":1141,""y"":112},{""x"":1141,""y"":373},{""x"":880,""y"":373}]}],""bracelet_1"":[{""geometry"":[{""x"":789,""y"":812},{""x"":979,""y"":812},{""x"":979,""y"":914},{""x"":789,""y"":914}]}],""necklace_1"":[{""geometry"":[{""x"":875,""y"":379},{""x"":1068,""y"":379},{""x"":1068,""y"":548},{""x"":875,""y"":548}]}],""left_upper_arm"":[{""geometry"":[{""x"":1071,""y"":520},{""x"":1132,""y"":520},{""x"":1132,""y"":652},{""x"":1071,""y"":652}]}],""right_upper_arm"":[{""geometry"":[{""x"":712,""y"":478},{""x"":773,""y"":478},{""x"":773,""y"":606},{""x"":712,""y"":606}]}]}",chen478@iu.edu,Inconsistency_test,1570133077000,1570133077000,23.804,VID_20190926_165016_image-0003.png,,,,,satoshi,[],https://image-segmentation-v4.labelbox.com?project=cjz1nb9jc3vpf0701i6q1e3iz&label=ck1b4ozlspzp20a46cfrnhpuf
ck1b4pi2df4vg0944ebwe5x6l,ck16vrffytp3b0cwb60fw2sa5,https://storage.labelbox.com/cjxfb4ehfdfdp0944egvsris7%2Facd9b477-fc35-fe8e-1cd3-3e788d27c605-VID_20190926_165016_image-0006.png?Expires=1576542940367&KeyName=labelbox-assets-key-1&Signature=tSVNeUBhc8tz749vEnYkeuJLVXk,"{""face_1"":[{""geometry"":[{""x"":793,""y"":125},{""x"":1031,""y"":125},{""x"":1031,""y"":415},{""x"":793,""y"":415}]}],""bracelet_1"":[{""geometry"":[{""x"":781,""y"":838},{""x"":964,""y"":838},{""x"":964,""y"":940},{""x"":781,""y"":940}]}],""necklace_1"":[{""geometry"":[{""x"":859,""y"":437},{""x"":1050,""y"":437},{""x"":1050,""y"":564},{""x"":859,""y"":564}]}],""left_upper_arm"":[{""geometry"":[{""x"":1058,""y"":546},{""x"":1126,""y"":546},{""x"":1126,""y"":672},{""x"":1058,""y"":672}]}],""right_upper_arm"":[{""geometry"":[{""x"":697,""y"":517},{""x"":746,""y"":517},{""x"":746,""y"":637},{""x"":697,""y"":637}]}]}",chen478@iu.edu,Inconsistency_test,1570133100000,1570133100000,22.319,VID_20190926_165016_image-0006.png,,,,,satoshi,[],https://image-segmentation-v4.labelbox.com?project=cjz1nb9jc3vpf0701i6q1e3iz&label=ck1b4pi2df4vg0944ebwe5x6l
ck1b4pzhcbbjn079441taf8eb,ck16vrffytp2r0cwbgx4y136i,https://storage.labelbox.com/cjxfb4ehfdfdp0944egvsris7%2F1ffe8e3d-3f60-b679-987b-c29cb836e783-VID_20190926_165016_image-0001.png?Expires=1576542940367&KeyName=labelbox-assets-key-1&Signature=ggBN86q-MedsgJyVyJW7PPV7vFk,"{""face_1"":[{""geometry"":[{""x"":908,""y"":107},{""x"":1122,""y"":107},{""x"":1122,""y"":347},{""x"":908,""y"":347}]}],""bracelet_1"":[{""geometry"":[{""x"":805,""y"":810},{""x"":1000,""y"":810},{""x"":1000,""y"":929},{""x"":805,""y"":929}]}],""necklace_1"":[{""geometry"":[{""x"":865,""y"":389},{""x"":1074,""y"":389},{""x"":1074,""y"":544},{""x"":865,""y"":544}]}],""left_upper_arm"":[{""geometry"":[{""x"":1078,""y"":540},{""x"":1138,""y"":540},{""x"":1138,""y"":653},{""x"":1078,""y"":653}]}],""right_upper_arm"":[{""geometry"":[{""x"":722,""y"":481},{""x"":776,""y"":481},{""x"":776,""y"":599},{""x"":722,""y"":599}]}]}",chen478@iu.edu,Inconsistency_test,1570133123000,1570133123000,21.021,VID_20190926_165016_image-0001.png,,,,,satoshi,[],https://image-segmentation-v4.labelbox.com?project=cjz1nb9jc3vpf0701i6q1e3iz&label=ck1b4pzhcbbjn079441taf8eb
ck1b4qks2gukx0721pwfyy7ze,ck16vrffytp330cwbe4wz3qm3,https://storage.labelbox.com/cjxfb4ehfdfdp0944egvsris7%2Fe472357c-3505-8e30-61fe-d0f3c8ea796e-VID_20190926_165016_image-0004.png?Expires=1576542940367&KeyName=labelbox-assets-key-1&Signature=ZrHAM6wolwuKc0X-hpvMHcJ6Xvo,"{""face_1"":[{""geometry"":[{""x"":839,""y"":88},{""x"":1064,""y"":88},{""x"":1064,""y"":354},{""x"":839,""y"":354}]}],""bracelet_1"":[{""geometry"":[{""x"":796,""y"":823},{""x"":1007,""y"":823},{""x"":1007,""y"":920},{""x"":796,""y"":920}]}],""necklace_1"":[{""geometry"":[{""x"":860,""y"":416},{""x"":1061,""y"":416},{""x"":1061,""y"":533},{""x"":860,""y"":533}]}],""left_upper_arm"":[{""geometry"":[{""x"":1078,""y"":508},{""x"":1140,""y"":508},{""x"":1140,""y"":628},{""x"":1078,""y"":628}]}],""right_upper_arm"":[{""geometry"":[{""x"":712,""y"":472},{""x"":767,""y"":472},{""x"":767,""y"":601},{""x"":712,""y"":601}]}]}",chen478@iu.edu,Inconsistency_test,1570133151000,1570133151000,27.214,VID_20190926_165016_image-0004.png,,,,,satoshi,[],https://image-segmentation-v4.labelbox.com?project=cjz1nb9jc3vpf0701i6q1e3iz&label=ck1b4qks2gukx0721pwfyy7ze
ck1b4r2jlck9r0838psawt9z3,ck16vrffytp3f0cwbhnyz7a2g,https://storage.labelbox.com/cjxfb4ehfdfdp0944egvsris7%2Fd9e20470-e489-1fbb-294c-bb13fd75ce18-VID_20190926_165016_image-0007.png?Expires=1576542940367&KeyName=labelbox-assets-key-1&Signature=n8GOhWBOXdRwqbJ0XxGI89SeT7Q,"{""face_1"":[{""geometry"":[{""x"":771,""y"":152},{""x"":984,""y"":152},{""x"":984,""y"":442},{""x"":771,""y"":442}]}],""bracelet_1"":[{""geometry"":[{""x"":775,""y"":867},{""x"":996,""y"":867},{""x"":996,""y"":959},{""x"":775,""y"":959}]}],""necklace_1"":[{""geometry"":[{""x"":837,""y"":453},{""x"":1038,""y"":453},{""x"":1038,""y"":579},{""x"":837,""y"":579}]}],""left_upper_arm"":[{""geometry"":[{""x"":677,""y"":537},{""x"":751,""y"":537},{""x"":751,""y"":667},{""x"":677,""y"":667}]}],""right_upper_arm"":[{""geometry"":[{""x"":1036,""y"":535},{""x"":1112,""y"":535},{""x"":1112,""y"":679},{""x"":1036,""y"":679}]}],""right_wrist_1"":[{""geometry"":[{""x"":394,""y"":827},{""x"":578,""y"":827},{""x"":578,""y"":891},{""x"":394,""y"":891}]}]}",chen478@iu.edu,Inconsistency_test,1570133174000,1570133174000,22.615,VID_20190926_165016_image-0007.png,,,,,satoshi,[],https://image-segmentation-v4.labelbox.com?project=cjz1nb9jc3vpf0701i6q1e3iz&label=ck1b4r2jlck9r0838psawt9z3
ck1b7ekcpdx5f0863f4e0oih4,ck16vrffytp2v0cwbcltlcnqu,https://storage.labelbox.com/cjxfb4ehfdfdp0944egvsris7%2F7ca01320-79e5-7267-6167-5bb14905072c-VID_20190926_165016_image-0002.png?Expires=1576542940367&KeyName=labelbox-assets-key-1&Signature=FBv0TdB4dpn8pqUSf88_r6Y9qac,"{""face_1"":[{""geometry"":[{""x"":896,""y"":96},{""x"":1115,""y"":96},{""x"":1115,""y"":351},{""x"":896,""y"":351}]}],""bracelet_1"":[{""geometry"":[{""x"":789,""y"":818},{""x"":1025,""y"":818},{""x"":1025,""y"":904},{""x"":789,""y"":904}]}],""necklace_1"":[{""geometry"":[{""x"":904,""y"":394},{""x"":1052,""y"":394},{""x"":1052,""y"":534},{""x"":904,""y"":534}]}],""left_upper_arm"":[{""geometry"":[{""x"":706,""y"":483},{""x"":778,""y"":483},{""x"":778,""y"":623},{""x"":706,""y"":623}]}],""right_upper_arm"":[{""geometry"":[{""x"":1073,""y"":505},{""x"":1152,""y"":505},{""x"":1152,""y"":646},{""x"":1073,""y"":646}]}],""right_wrist_1"":[{""geometry"":[{""x"":442,""y"":762},{""x"":600,""y"":762},{""x"":600,""y"":830},{""x"":442,""y"":830}]}]}",chen478@iu.edu,Inconsistency_test,1570137629000,1570137629000,4454.511,VID_20190926_165016_image-0002.png,,,,,satoshi,[],https://image-segmentation-v4.labelbox.com?project=cjz1nb9jc3vpf0701i6q1e3iz&label=ck1b7ekcpdx5f0863f4e0oih4
ck1b7ez1lrol60848zfw5gklq,ck16vrffytp370cwb9im651rg,https://storage.labelbox.com/cjxfb4ehfdfdp0944egvsris7%2F24c30e71-6136-cbbd-f885-4392afd69ef7-VID_20190926_165016_image-0005.png?Expires=1576542940368&KeyName=labelbox-assets-key-1&Signature=78tSiQxwu2npuGF7-zgo_IozAVk,"{""face_1"":[{""geometry"":[{""x"":775,""y"":102},{""x"":1034,""y"":102},{""x"":1034,""y"":394},{""x"":775,""y"":394}]}],""bracelet_1"":[{""geometry"":[{""x"":801,""y"":830},{""x"":963,""y"":830},{""x"":963,""y"":929},{""x"":801,""y"":929}]}],""necklace_1"":[{""geometry"":[{""x"":852,""y"":435},{""x"":1051,""y"":435},{""x"":1051,""y"":540},{""x"":852,""y"":540}]}],""left_upper_arm"":[{""geometry"":[{""x"":1070,""y"":519},{""x"":1148,""y"":519},{""x"":1148,""y"":646},{""x"":1070,""y"":646}]}],""right_upper_arm"":[{""geometry"":[{""x"":707,""y"":489},{""x"":770,""y"":489},{""x"":770,""y"":591},{""x"":707,""y"":591}]}],""right_wrist_1"":[{""geometry"":[{""x"":426,""y"":789},{""x"":566,""y"":789},{""x"":566,""y"":843},{""x"":426,""y"":843}]}]}",chen478@iu.edu,Inconsistency_test,1570137648000,1570137648000,18.571,VID_20190926_165016_image-0005.png,,,,,satoshi,[],https://image-segmentation-v4.labelbox.com?project=cjz1nb9jc3vpf0701i6q1e3iz&label=ck1b7ez1lrol60848zfw5gklq
ck1b7ffhofuds0944yrfccqca,ck16vrffytp3j0cwbej488e29,https://storage.labelbox.com/cjxfb4ehfdfdp0944egvsris7%2Ff5287fb8-db09-46d2-18fb-998bd84365b9-VID_20190926_165016_image-0008.png?Expires=1576542940368&KeyName=labelbox-assets-key-1&Signature=PH9efEnVx2b2wEnKsZJ2DrcxAPI,"{""face_1"":[{""geometry"":[{""x"":767,""y"":144},{""x"":1005,""y"":144},{""x"":1005,""y"":466},{""x"":767,""y"":466}]}],""bracelet_1"":[{""geometry"":[{""x"":797,""y"":856},{""x"":951,""y"":856},{""x"":951,""y"":973},{""x"":797,""y"":973}]}],""necklace_1"":[{""geometry"":[{""x"":832,""y"":469},{""x"":1012,""y"":469},{""x"":1012,""y"":587},{""x"":832,""y"":587}]}],""left_upper_arm"":[{""geometry"":[{""x"":1036,""y"":554},{""x"":1121,""y"":554},{""x"":1121,""y"":653},{""x"":1036,""y"":653}]}],""right_upper_arm"":[{""geometry"":[{""x"":683,""y"":509},{""x"":761,""y"":509},{""x"":761,""y"":625},{""x"":683,""y"":625}]}],""right_wrist_1"":[{""geometry"":[{""x"":400,""y"":824},{""x"":554,""y"":824},{""x"":554,""y"":876},{""x"":400,""y"":876}]}]}",chen478@iu.edu,Inconsistency_test,1570137669000,1570137669000,19.963,VID_20190926_165016_image-0008.png,,,,,satoshi,[],https://image-segmentation-v4.labelbox.com?project=cjz1nb9jc3vpf0701i6q1e3iz&label=ck1b7ffhofuds0944yrfccqca
ck1b7fywpqr090a46scpqb9sy,ck16vrs1rtp3n0cwb79ekdwxr,https://storage.labelbox.com/cjxfb4ehfdfdp0944egvsris7%2Fbfede5f0-da47-3cc3-8c7f-a9a1190ef6d1-VID_20190926_165045_image-0001.png?Expires=1576542940368&KeyName=labelbox-assets-key-1&Signature=nyJoVFKR65WAdtAcAZDiY-Qzm3Q,"{""face_1"":[{""geometry"":[{""x"":1011,""y"":265},{""x"":1279,""y"":265},{""x"":1279,""y"":536},{""x"":1011,""y"":536}]}],""bracelet_1"":[{""geometry"":[{""x"":779,""y"":995},{""x"":962,""y"":995},{""x"":962,""y"":1080},{""x"":779,""y"":1080}]}],""necklace_1"":[{""geometry"":[{""x"":1017,""y"":572},{""x"":1205,""y"":572},{""x"":1205,""y"":699},{""x"":1017,""y"":699}]}],""left_upper_arm"":[{""geometry"":[{""x"":1171,""y"":681},{""x"":1248,""y"":681},{""x"":1248,""y"":783},{""x"":1171,""y"":783}]}],""right_upper_arm"":[{""geometry"":[{""x"":890,""y"":590},{""x"":963,""y"":590},{""x"":963,""y"":690},{""x"":890,""y"":690}]}],""right_wrist_1"":[{""geometry"":[{""x"":604,""y"":934},{""x"":730,""y"":934},{""x"":730,""y"":992},{""x"":604,""y"":992}]}]}",chen478@iu.edu,Inconsistency_test,1570137695000,1570137695000,24.761,VID_20190926_165045_image-0001.png,,,,,satoshi,[],https://image-segmentation-v4.labelbox.com?project=cjz1nb9jc3vpf0701i6q1e3iz&label=ck1b7fywpqr090a46scpqb9sy
ck1b7ghktc2zx0794q0zttc1f,ck16vrs1rtp3z0cwb5x9d13uz,https://storage.labelbox.com/cjxfb4ehfdfdp0944egvsris7%2Fec7c86ea-2f96-fc12-6f5f-9cdaa83487e4-VID_20190926_165045_image-0004.png?Expires=1576542940368&KeyName=labelbox-assets-key-1&Signature=cy6LmREsmKrVt6JRtgGJ3hMnCnI,"{""face_1"":[{""geometry"":[{""x"":1002,""y"":267},{""x"":1232,""y"":267},{""x"":1232,""y"":552},{""x"":1002,""y"":552}]}],""bracelet_1"":[{""geometry"":[{""x"":746,""y"":988},{""x"":947,""y"":988},{""x"":947,""y"":1078},{""x"":746,""y"":1078}]}],""necklace_1"":[{""geometry"":[{""x"":1006,""y"":572},{""x"":1190,""y"":572},{""x"":1190,""y"":702},{""x"":1006,""y"":702}]}],""left_upper_arm"":[{""geometry"":[{""x"":1160,""y"":687},{""x"":1228,""y"":687},{""x"":1228,""y"":777},{""x"":1160,""y"":777}]}],""right_upper_arm"":[{""geometry"":[{""x"":907,""y"":584},{""x"":966,""y"":584},{""x"":966,""y"":673},{""x"":907,""y"":673}]}],""right_wrist_1"":[{""geometry"":[{""x"":581,""y"":920},{""x"":702,""y"":920},{""x"":702,""y"":995},{""x"":581,""y"":995}]}]}",chen478@iu.edu,Inconsistency_test,1570137719000,1570137719000,23.751,VID_20190926_165045_image-0004.png,,,,,satoshi,[],https://image-segmentation-v4.labelbox.com?project=cjz1nb9jc3vpf0701i6q1e3iz&label=ck1b7ghktc2zx0794q0zttc1f
ck1b7hlgqfrxh070112gxo97g,ck16vrs1rtp4b0cwb471kdzwc,https://storage.labelbox.com/cjxfb4ehfdfdp0944egvsris7%2Faeb435f2-f955-a23d-0e25-b4704de8e05d-VID_20190926_165045_image-0007.png?Expires=1576542940368&KeyName=labelbox-assets-key-1&Signature=fUl2EPS-rncBAXMrT7FkrJTD70w,"{""face_1"":[{""geometry"":[{""x"":1013,""y"":260},{""x"":1272,""y"":260},{""x"":1272,""y"":504},{""x"":1013,""y"":504}]}],""bracelet_1"":[{""geometry"":[{""x"":769,""y"":975},{""x"":936,""y"":975},{""x"":936,""y"":1080},{""x"":769,""y"":1080}]}],""necklace_1"":[{""geometry"":[{""x"":1005,""y"":545},{""x"":1224,""y"":545},{""x"":1224,""y"":680},{""x"":1005,""y"":680}]}],""left_upper_arm"":[{""geometry"":[{""x"":1160,""y"":684},{""x"":1246,""y"":684},{""x"":1246,""y"":793},{""x"":1160,""y"":793}]}],""right_upper_arm"":[{""geometry"":[{""x"":895,""y"":594},{""x"":961,""y"":594},{""x"":961,""y"":695},{""x"":895,""y"":695}]}],""left_wrist_1"":[{""geometry"":[{""x"":612,""y"":910},{""x"":726,""y"":910},{""x"":726,""y"":977},{""x"":612,""y"":977}]}]}",chen478@iu.edu,Inconsistency_test,1570137770000,1570137770000,51.322,VID_20190926_165045_image-0007.png,,,,,satoshi,[],https://image-segmentation-v4.labelbox.com?project=cjz1nb9jc3vpf0701i6q1e3iz&label=ck1b7hlgqfrxh070112gxo97g
ck1b7i2z5fv4u0944lds0736x,ck16vrs1rtp3r0cwb1fl0fbfc,https://storage.labelbox.com/cjxfb4ehfdfdp0944egvsris7%2Fab220bef-14c6-38c3-b7fa-75a0a33ae508-VID_20190926_165045_image-0002.png?Expires=1576542940368&KeyName=labelbox-assets-key-1&Signature=DXBQ-tbPRI6t6NlspLIcOK1y7yQ,"{""face_1"":[{""geometry"":[{""x"":1013,""y"":266},{""x"":1266,""y"":266},{""x"":1266,""y"":530},{""x"":1013,""y"":530}]}],""bracelet_1"":[{""geometry"":[{""x"":775,""y"":989},{""x"":956,""y"":989},{""x"":956,""y"":1080},{""x"":775,""y"":1080}]}],""necklace_1"":[{""geometry"":[{""x"":1010,""y"":552},{""x"":1225,""y"":552},{""x"":1225,""y"":696},{""x"":1010,""y"":696}]}],""left_upper_arm"":[{""geometry"":[{""x"":1153,""y"":709},{""x"":1232,""y"":709},{""x"":1232,""y"":791},{""x"":1153,""y"":791}]}],""right_upper_arm"":[{""geometry"":[{""x"":905,""y"":594},{""x"":952,""y"":594},{""x"":952,""y"":707},{""x"":905,""y"":707}]}],""right_wrist_1"":[{""geometry"":[{""x"":595,""y"":942},{""x"":713,""y"":942},{""x"":713,""y"":997},{""x"":595,""y"":997}]}]}",chen478@iu.edu,Inconsistency_test,1570137793000,1570137793000,22.31,VID_20190926_165045_image-0002.png,,,,,satoshi,[],https://image-segmentation-v4.labelbox.com?project=cjz1nb9jc3vpf0701i6q1e3iz&label=ck1b7i2z5fv4u0944lds0736x
ck1b7iv1yc3r007945x0kl7mf,ck16vrs1rtp430cwb8e4v3d4t,https://storage.labelbox.com/cjxfb4ehfdfdp0944egvsris7%2F878f6819-12ab-d5f0-870c-d3f76576bafe-VID_20190926_165045_image-0005.png?Expires=1576542940368&KeyName=labelbox-assets-key-1&Signature=iSoNfu8AWx3VJ3SC4jSXjCLS3zk,"{""face_1"":[{""geometry"":[{""x"":998,""y"":257},{""x"":1291,""y"":257},{""x"":1291,""y"":522},{""x"":998,""y"":522}]}],""bracelet_1"":[{""geometry"":[{""x"":766,""y"":973},{""x"":923,""y"":973},{""x"":923,""y"":1080},{""x"":766,""y"":1080}]}],""necklace_1"":[{""geometry"":[{""x"":1009,""y"":552},{""x"":1226,""y"":552},{""x"":1226,""y"":681},{""x"":1009,""y"":681}]}],""left_upper_arm"":[{""geometry"":[{""x"":1126,""y"":685},{""x"":1210,""y"":685},{""x"":1210,""y"":793},{""x"":1126,""y"":793}]}],""right_upper_arm"":[{""geometry"":[{""x"":874,""y"":601},{""x"":935,""y"":601},{""x"":935,""y"":715},{""x"":874,""y"":715}]}],""right_wrist_1"":[{""geometry"":[{""x"":587,""y"":926},{""x"":706,""y"":926},{""x"":706,""y"":984},{""x"":587,""y"":984}]}]}",chen478@iu.edu,Inconsistency_test,1570137830000,1570137830000,35.922,VID_20190926_165045_image-0005.png,,,,,satoshi,[],https://image-segmentation-v4.labelbox.com?project=cjz1nb9jc3vpf0701i6q1e3iz&label=ck1b7iv1yc3r007945x0kl7mf
ck1b7jcwjfvjd0944wr34un67,ck16vrs1rtp4f0cwb1wvdb4ak,https://storage.labelbox.com/cjxfb4ehfdfdp0944egvsris7%2F7fd03299-887c-b711-c2f5-cd0c1e3ba42d-VID_20190926_165045_image-0008.png?Expires=1576542940368&KeyName=labelbox-assets-key-1&Signature=EgwUGBQJjndTaUComyNVrztju9c,"{""face_1"":[{""geometry"":[{""x"":995,""y"":233},{""x"":1250,""y"":233},{""x"":1250,""y"":509},{""x"":995,""y"":509}]}],""bracelet_1"":[{""geometry"":[{""x"":746,""y"":960},{""x"":938,""y"":960},{""x"":938,""y"":1080},{""x"":746,""y"":1080}]}],""necklace_1"":[{""geometry"":[{""x"":1005,""y"":543},{""x"":1232,""y"":543},{""x"":1232,""y"":677},{""x"":1005,""y"":677}]}],""left_upper_arm"":[{""geometry"":[{""x"":1125,""y"":686},{""x"":1205,""y"":686},{""x"":1205,""y"":784},{""x"":1125,""y"":784}]}],""right_upper_arm"":[{""geometry"":[{""x"":886,""y"":579},{""x"":977,""y"":579},{""x"":977,""y"":693},{""x"":886,""y"":693}]}],""right_wrist_1"":[{""geometry"":[{""x"":582,""y"":898},{""x"":696,""y"":898},{""x"":696,""y"":967},{""x"":582,""y"":967}]}]}",chen478@iu.edu,Inconsistency_test,1570137853000,1570137853000,22.716,VID_20190926_165045_image-0008.png,,,,,satoshi,[],https://image-segmentation-v4.labelbox.com?project=cjz1nb9jc3vpf0701i6q1e3iz&label=ck1b7jcwjfvjd0944wr34un67
ck1b7jwiefvnn0944ruecf3lq,ck16vrs1rtp3v0cwb0hm4ajse,https://storage.labelbox.com/cjxfb4ehfdfdp0944egvsris7%2F5d01fc6f-4899-53e7-a77a-0a6b526a12fa-VID_20190926_165045_image-0003.png?Expires=1576542940368&KeyName=labelbox-assets-key-1&Signature=pWOI05kgq7zB8EqkCHtSVnkPg58,"{""face_1"":[{""geometry"":[{""x"":1001,""y"":272},{""x"":1283,""y"":272},{""x"":1283,""y"":538},{""x"":1001,""y"":538}]}],""bracelet_1"":[{""geometry"":[{""x"":775,""y"":993},{""x"":919,""y"":993},{""x"":919,""y"":1080},{""x"":775,""y"":1080}]}],""necklace_1"":[{""geometry"":[{""x"":1015,""y"":573},{""x"":1223,""y"":573},{""x"":1223,""y"":690},{""x"":1015,""y"":690}]}],""left_upper_arm"":[{""geometry"":[{""x"":1153,""y"":703},{""x"":1227,""y"":703},{""x"":1227,""y"":810},{""x"":1153,""y"":810}]}],""right_upper_arm"":[{""geometry"":[{""x"":885,""y"":624},{""x"":947,""y"":624},{""x"":947,""y"":739},{""x"":885,""y"":739}]}],""right_wrist_1"":[{""geometry"":[{""x"":608,""y"":932},{""x"":695,""y"":932},{""x"":695,""y"":997},{""x"":608,""y"":997}]}]}",chen478@iu.edu,Inconsistency_test,1570137878000,1570137878000,25.05,VID_20190926_165045_image-0003.png,,,,,satoshi,[],https://image-segmentation-v4.labelbox.com?project=cjz1nb9jc3vpf0701i6q1e3iz&label=ck1b7jwiefvnn0944ruecf3lq
ck1b7khv7hmim0721oma18wfe,ck16vrs1rtp470cwbaasug70d,https://storage.labelbox.com/cjxfb4ehfdfdp0944egvsris7%2Fd287e9cf-9a61-1b51-308a-f9332c504fa9-VID_20190926_165045_image-0006.png?Expires=1576542940369&KeyName=labelbox-assets-key-1&Signature=7xW_3oqKPWkNtFD0iopaaETRMag,"{""face_1"":[{""geometry"":[{""x"":1004,""y"":247},{""x"":1284,""y"":247},{""x"":1284,""y"":515},{""x"":1004,""y"":515}]}],""bracelet_1"":[{""geometry"":[{""x"":745,""y"":972},{""x"":917,""y"":972},{""x"":917,""y"":1080},{""x"":745,""y"":1080}]}],""necklace_1"":[{""geometry"":[{""x"":1012,""y"":535},{""x"":1217,""y"":535},{""x"":1217,""y"":696},{""x"":1012,""y"":696}]}],""right_wrist_1"":[{""geometry"":[{""x"":612,""y"":903},{""x"":705,""y"":903},{""x"":705,""y"":960},{""x"":612,""y"":960}]}]}",chen478@iu.edu,Inconsistency_test,1570137906000,1570137906000,27.199,VID_20190926_165045_image-0006.png,,,,,satoshi,[],https://image-segmentation-v4.labelbox.com?project=cjz1nb9jc3vpf0701i6q1e3iz&label=ck1b7khv7hmim0721oma18wfe
ck1b7kwvfc4d50794i0or89ri,ck16vs5cptp4n0cwbccwm8g3y,https://storage.labelbox.com/cjxfb4ehfdfdp0944egvsris7%2Fc47b5ac6-3939-d2a0-6bd6-4bb50c96ba74-VID_20190926_165221_image-0002.png?Expires=1576542940369&KeyName=labelbox-assets-key-1&Signature=QEpPseXtZyqAJMkP4dzsXPXrqUE,"{""face_1"":[{""geometry"":[{""x"":804,""y"":137},{""x"":994,""y"":137},{""x"":994,""y"":347},{""x"":804,""y"":347}]}],""bracelet_1"":[{""geometry"":[{""x"":793,""y"":517},{""x"":881,""y"":517},{""x"":881,""y"":608},{""x"":793,""y"":608}]}],""necklace_1"":[{""geometry"":[{""x"":775,""y"":399},{""x"":942,""y"":399},{""x"":942,""y"":504},{""x"":775,""y"":504}]}],""left_upper_arm"":[{""geometry"":[{""x"":991,""y"":475},{""x"":1063,""y"":475},{""x"":1063,""y"":606},{""x"":991,""y"":606}]}],""right_upper_arm"":[{""geometry"":[{""x"":603,""y"":489},{""x"":683,""y"":489},{""x"":683,""y"":592},{""x"":603,""y"":592}]}]}",chen478@iu.edu,Inconsistency_test,1570137925000,1570504446000,18.357,VID_20190926_165221_image-0002.png,,,,,satoshi,[],https://image-segmentation-v4.labelbox.com?project=cjz1nb9jc3vpf0701i6q1e3iz&label=ck1b7kwvfc4d50794i0or89ri
ck1b7l8rxfw410944ff6u3kfa,ck16vs5cptp4z0cwbetc67w6l,https://storage.labelbox.com/cjxfb4ehfdfdp0944egvsris7%2F6574c30d-781d-2473-0db5-12fdeae3e8af-VID_20190926_165221_image-0005.png?Expires=1576542940369&KeyName=labelbox-assets-key-1&Signature=DLMNcXHsTzjhub6n29G0MbgAuH8,"{""face_1"":[{""geometry"":[{""x"":815,""y"":140},{""x"":1012,""y"":140},{""x"":1012,""y"":352},{""x"":815,""y"":352}]}],""bracelet_1"":[{""geometry"":[{""x"":814,""y"":522},{""x"":914,""y"":522},{""x"":914,""y"":620},{""x"":814,""y"":620}]}],""necklace_1"":[{""geometry"":[{""x"":803,""y"":398},{""x"":986,""y"":398},{""x"":986,""y"":507},{""x"":803,""y"":507}]}],""left_upper_arm"":[{""geometry"":[{""x"":1013,""y"":500},{""x"":1090,""y"":500},{""x"":1090,""y"":605},{""x"":1013,""y"":605}]}],""right_upper_arm"":[{""geometry"":[{""x"":632,""y"":477},{""x"":700,""y"":477},{""x"":700,""y"":576},{""x"":632,""y"":576}]}]}",chen478@iu.edu,Inconsistency_test,1570137941000,1570504440000,14.393,VID_20190926_165221_image-0005.png,,,,,satoshi,[],https://image-segmentation-v4.labelbox.com?project=cjz1nb9jc3vpf0701i6q1e3iz&label=ck1b7l8rxfw410944ff6u3kfa
ck1b7lnh3qsuj0a46ice43ag3,ck16vs5cptp5b0cwb1awufrbz,https://storage.labelbox.com/cjxfb4ehfdfdp0944egvsris7%2Fbf72a942-0f08-64e4-77e4-3258b58ed8af-VID_20190926_165221_image-0008.png?Expires=1576542940369&KeyName=labelbox-assets-key-1&Signature=V-LvoMQpckvGilmNVeBNXLnLa1E,"{""face_1"":[{""geometry"":[{""x"":694,""y"":150},{""x"":916,""y"":150},{""x"":916,""y"":429},{""x"":694,""y"":429}]}],""bracelet_1"":[{""geometry"":[{""x"":778,""y"":709},{""x"":906,""y"":709},{""x"":906,""y"":776},{""x"":778,""y"":776}]}],""necklace_1"":[{""geometry"":[{""x"":770,""y"":423},{""x"":923,""y"":423},{""x"":923,""y"":528},{""x"":770,""y"":528}]}],""left_upper_arm"":[{""geometry"":[{""x"":983,""y"":499},{""x"":1063,""y"":499},{""x"":1063,""y"":614},{""x"":983,""y"":614}]}],""right_upper_arm"":[{""geometry"":[{""x"":598,""y"":483},{""x"":670,""y"":483},{""x"":670,""y"":613},{""x"":598,""y"":613}]}]}",chen478@iu.edu,Inconsistency_test,1570137960000,1570504433000,18.683,VID_20190926_165221_image-0008.png,,,,,satoshi,[],https://image-segmentation-v4.labelbox.com?project=cjz1nb9jc3vpf0701i6q1e3iz&label=ck1b7lnh3qsuj0a46ice43ag3
ck1b7m66prque0848n2b4ha05,ck16vs5cptp4r0cwbegdscq1z,https://storage.labelbox.com/cjxfb4ehfdfdp0944egvsris7%2Fe349bc7f-41fb-45ad-c3fb-f0c526613f12-VID_20190926_165221_image-0003.png?Expires=1576542940369&KeyName=labelbox-assets-key-1&Signature=D4ymydFRdAVfhw2Femgc8dpCRIY,"{""face_1"":[{""geometry"":[{""x"":807,""y"":134},{""x"":984,""y"":134},{""x"":984,""y"":345},{""x"":807,""y"":345}]}],""bracelet_1"":[{""geometry"":[{""x"":828,""y"":498},{""x"":916,""y"":498},{""x"":916,""y"":602},{""x"":828,""y"":602}]}],""necklace_1"":[{""geometry"":[{""x"":784,""y"":380},{""x"":930,""y"":380},{""x"":930,""y"":484},{""x"":784,""y"":484}]}],""left_upper_arm"":[{""geometry"":[{""x"":982,""y"":481},{""x"":1055,""y"":481},{""x"":1055,""y"":597},{""x"":982,""y"":597}]}],""right_upper_arm"":[{""geometry"":[{""x"":604,""y"":460},{""x"":667,""y"":460},{""x"":667,""y"":557},{""x"":604,""y"":557}]}]}",chen478@iu.edu,Inconsistency_test,1570137984000,1570504423000,23.848,VID_20190926_165221_image-0003.png,,,,,satoshi,[],https://image-segmentation-v4.labelbox.com?project=cjz1nb9jc3vpf0701i6q1e3iz&label=ck1b7m66prque0848n2b4ha05
ck1b7mjx6dzf00863c84dryxb,ck16vs5cptp530cwb7iov2pxw,https://storage.labelbox.com/cjxfb4ehfdfdp0944egvsris7%2Fdda9cc08-303e-22c8-4baa-0cbf7fb80746-VID_20190926_165221_image-0006.png?Expires=1576542940369&KeyName=labelbox-assets-key-1&Signature=cUTFrE0WZ01xseEWvvusiMnIxbY,"{""face_1"":[{""geometry"":[{""x"":747,""y"":121},{""x"":962,""y"":121},{""x"":962,""y"":407},{""x"":747,""y"":407}]}],""bracelet_1"":[{""geometry"":[{""x"":781,""y"":694},{""x"":932,""y"":694},{""x"":932,""y"":776},{""x"":781,""y"":776}]}],""necklace_1"":[{""geometry"":[{""x"":786,""y"":408},{""x"":943,""y"":408},{""x"":943,""y"":509},{""x"":786,""y"":509}]}],""left_upper_arm"":[{""geometry"":[{""x"":1000,""y"":494},{""x"":1088,""y"":494},{""x"":1088,""y"":623},{""x"":1000,""y"":623}]}],""right_upper_arm"":[{""geometry"":[{""x"":616,""y"":485},{""x"":687,""y"":485},{""x"":687,""y"":597},{""x"":616,""y"":597}]}]}",chen478@iu.edu,Inconsistency_test,1570138002000,1570504416000,16.284,VID_20190926_165221_image-0006.png,,,,,satoshi,[],https://image-segmentation-v4.labelbox.com?project=cjz1nb9jc3vpf0701i6q1e3iz&label=ck1b7mjx6dzf00863c84dryxb
ck1b7mx0grr090848cc6b24gz,ck16vs5cotp4j0cwb18ql9vc3,https://storage.labelbox.com/cjxfb4ehfdfdp0944egvsris7%2F4002bd87-2dd7-a13e-539b-8313388aaa8f-VID_20190926_165221_image-0001.png?Expires=1576542940369&KeyName=labelbox-assets-key-1&Signature=2Ppr4ctRDYd3UW022_ThtI-06gE,"{""face_1"":[{""geometry"":[{""x"":802,""y"":144},{""x"":987,""y"":144},{""x"":987,""y"":343},{""x"":802,""y"":343}]}],""bracelet_1"":[{""geometry"":[{""x"":787,""y"":507},{""x"":894,""y"":507},{""x"":894,""y"":621},{""x"":787,""y"":621}]}],""necklace_1"":[{""geometry"":[{""x"":784,""y"":396},{""x"":936,""y"":396},{""x"":936,""y"":513},{""x"":784,""y"":513}]}],""left_upper_arm"":[{""geometry"":[{""x"":978,""y"":484},{""x"":1054,""y"":484},{""x"":1054,""y"":599},{""x"":978,""y"":599}]}],""right_upper_arm"":[{""geometry"":[{""x"":604,""y"":466},{""x"":676,""y"":466},{""x"":676,""y"":587},{""x"":604,""y"":587}]}]}",chen478@iu.edu,Inconsistency_test,1570138019000,1570504407000,16.523,VID_20190926_165221_image-0001.png,,,,,satoshi,[],https://image-segmentation-v4.labelbox.com?project=cjz1nb9jc3vpf0701i6q1e3iz&label=ck1b7mx0grr090848cc6b24gz
ck1b7n8thqta50a4654pqektw,ck16vs5cptp4v0cwbbwgjhy2e,https://storage.labelbox.com/cjxfb4ehfdfdp0944egvsris7%2Fc3722b91-df63-d854-09dc-acb0aa61003e-VID_20190926_165221_image-0004.png?Expires=1576542940371&KeyName=labelbox-assets-key-1&Signature=35nvYnYbIQopdvQg5fW0blcYlOc,"{""face_1"":[{""geometry"":[{""x"":808,""y"":143},{""x"":998,""y"":143},{""x"":998,""y"":341},{""x"":808,""y"":341}]}],""bracelet_1"":[{""geometry"":[{""x"":801,""y"":509},{""x"":905,""y"":509},{""x"":905,""y"":633},{""x"":801,""y"":633}]}],""necklace_1"":[{""geometry"":[{""x"":786,""y"":393},{""x"":967,""y"":393},{""x"":967,""y"":511},{""x"":786,""y"":511}]}],""left_upper_arm"":[{""geometry"":[{""x"":611,""y"":464},{""x"":687,""y"":464},{""x"":687,""y"":582},{""x"":611,""y"":582}]}],""right_upper_arm"":[{""geometry"":[{""x"":995,""y"":472},{""x"":1065,""y"":472},{""x"":1065,""y"":614},{""x"":995,""y"":614}]}]}",chen478@iu.edu,Inconsistency_test,1570138034000,1570504394000,14.925,VID_20190926_165221_image-0004.png,,,,,satoshi,[],https://image-segmentation-v4.labelbox.com?project=cjz1nb9jc3vpf0701i6q1e3iz&label=ck1b7n8thqta50a4654pqektw
ck1b7nkkqdzom0863su49hf5i,ck16vs5cptp570cwbfyzu2c7c,https://storage.labelbox.com/cjxfb4ehfdfdp0944egvsris7%2Fd2028dc6-9e5f-ae9d-e5f2-7a9bd08f4170-VID_20190926_165221_image-0007.png?Expires=1576542940371&KeyName=labelbox-assets-key-1&Signature=nd7NFjIwtEkkGHyg4VVbT3avvcI,"{""face_1"":[{""geometry"":[{""x"":738,""y"":119},{""x"":937,""y"":119},{""x"":937,""y"":398},{""x"":738,""y"":398}]}],""bracelet_1"":[{""geometry"":[{""x"":765,""y"":697},{""x"":918,""y"":697},{""x"":918,""y"":779},{""x"":765,""y"":779}]}],""necklace_1"":[{""geometry"":[{""x"":782,""y"":409},{""x"":939,""y"":409},{""x"":939,""y"":521},{""x"":782,""y"":521}]}],""left_upper_arm"":[{""geometry"":[{""x"":993,""y"":490},{""x"":1065,""y"":490},{""x"":1065,""y"":616},{""x"":993,""y"":616}]}],""right_upper_arm"":[{""geometry"":[{""x"":605,""y"":470},{""x"":682,""y"":470},{""x"":682,""y"":584},{""x"":605,""y"":584}]}]}",chen478@iu.edu,Inconsistency_test,1570138049000,1570504385000,14.889,VID_20190926_165221_image-0007.png,,,,,satoshi,[],https://image-segmentation-v4.labelbox.com?project=cjz1nb9jc3vpf0701i6q1e3iz&label=ck1b7nkkqdzom0863su49hf5i
ck1b7qpnpho75072179kd2y22,ck16vsjsdtp5j0cwb62a95jcz,https://storage.labelbox.com/cjxfb4ehfdfdp0944egvsris7%2F4b9df0f9-562f-b407-452f-4acef75fcc75-VID_20190926_165237_image-0002.png?Expires=1576542940371&KeyName=labelbox-assets-key-1&Signature=mF31SW6FbDcGG7HRJEHEbkNnc_4,"{""face_1"":[{""geometry"":[{""x"":909,""y"":188},{""x"":1125,""y"":188},{""x"":1125,""y"":464},{""x"":909,""y"":464}]}],""bracelet_1"":[{""geometry"":[{""x"":767,""y"":782},{""x"":912,""y"":782},{""x"":912,""y"":859},{""x"":767,""y"":859}]}],""necklace_1"":[{""geometry"":[{""x"":961,""y"":478},{""x"":1157,""y"":478},{""x"":1157,""y"":569},{""x"":961,""y"":569}]}],""left_upper_arm"":[{""geometry"":[{""x"":1166,""y"":545},{""x"":1248,""y"":545},{""x"":1248,""y"":662},{""x"":1166,""y"":662}]}],""right_upper_arm"":[{""geometry"":[{""x"":817,""y"":504},{""x"":887,""y"":504},{""x"":887,""y"":640},{""x"":817,""y"":640}]}]}",chen478@iu.edu,Inconsistency_test,1570138196000,1570504378000,146.103,VID_20190926_165237_image-0002.png,,,,,satoshi,[],https://image-segmentation-v4.labelbox.com?project=cjz1nb9jc3vpf0701i6q1e3iz&label=ck1b7qpnpho75072179kd2y22
ck1b7r118ho9r0721ns495wyk,ck16vsjsetp5v0cwb2ll72r8c,https://storage.labelbox.com/cjxfb4ehfdfdp0944egvsris7%2Fc51ef0f1-41f1-8dc3-fbf5-81a1066e37a5-VID_20190926_165237_image-0005.png?Expires=1576542940371&KeyName=labelbox-assets-key-1&Signature=mplkuT_PC2IjQehbXoGMea2gpKk,"{""face_1"":[{""geometry"":[{""x"":961,""y"":219},{""x"":1167,""y"":219},{""x"":1167,""y"":484},{""x"":961,""y"":484}]}],""bracelet_1"":[{""geometry"":[{""x"":771,""y"":800},{""x"":936,""y"":800},{""x"":936,""y"":885},{""x"":771,""y"":885}]}],""necklace_1"":[{""geometry"":[{""x"":995,""y"":497},{""x"":1174,""y"":497},{""x"":1174,""y"":595},{""x"":995,""y"":595}]}],""left_upper_arm"":[{""geometry"":[{""x"":1186,""y"":583},{""x"":1261,""y"":583},{""x"":1261,""y"":700},{""x"":1186,""y"":700}]}],""right_upper_arm"":[{""geometry"":[{""x"":858,""y"":531},{""x"":921,""y"":531},{""x"":921,""y"":667},{""x"":858,""y"":667}]}]}",chen478@iu.edu,Inconsistency_test,1570138211000,1570504371000,14.091,VID_20190926_165237_image-0005.png,,,,,satoshi,[],https://image-segmentation-v4.labelbox.com?project=cjz1nb9jc3vpf0701i6q1e3iz&label=ck1b7r118ho9r0721ns495wyk
ck1b7rf9rfui70701cd4x52li,ck16vsjsetp670cwb95qi8l42,https://storage.labelbox.com/cjxfb4ehfdfdp0944egvsris7%2F4370b497-61e4-eb7c-7bb9-12d5eca6978a-VID_20190926_165237_image-0008.png?Expires=1576542940371&KeyName=labelbox-assets-key-1&Signature=4aHPlmDCpkw_jfiUZqijplLtgAQ,"{""face_1"":[{""geometry"":[{""x"":977,""y"":200},{""x"":1192,""y"":200},{""x"":1192,""y"":499},{""x"":977,""y"":499}]}],""bracelet_1"":[{""geometry"":[{""x"":781,""y"":793},{""x"":942,""y"":793},{""x"":942,""y"":879},{""x"":781,""y"":879}]}],""necklace_1"":[{""geometry"":[{""x"":1008,""y"":497},{""x"":1170,""y"":497},{""x"":1170,""y"":591},{""x"":1008,""y"":591}]}],""left_upper_arm"":[{""geometry"":[{""x"":1177,""y"":557},{""x"":1267,""y"":557},{""x"":1267,""y"":681},{""x"":1177,""y"":681}]}],""right_upper_arm"":[{""geometry"":[{""x"":853,""y"":533},{""x"":924,""y"":533},{""x"":924,""y"":647},{""x"":853,""y"":647}]}]}",chen478@iu.edu,Inconsistency_test,1570138229000,1570504364000,18.04,VID_20190926_165237_image-0008.png,,,,,satoshi,[],https://image-segmentation-v4.labelbox.com?project=cjz1nb9jc3vpf0701i6q1e3iz&label=ck1b7rf9rfui70701cd4x52li
ck1b7rymyfxvw0944xmsj4cqq,ck16vsjsetp5n0cwb4mv68jf5,https://storage.labelbox.com/cjxfb4ehfdfdp0944egvsris7%2Fceb50431-65fd-759c-5e20-b31986dca3d0-VID_20190926_165237_image-0003.png?Expires=1576542940371&KeyName=labelbox-assets-key-1&Signature=ck36pYoYiNkI3EIu3ILWNZi5CYU,"{""face_1"":[{""geometry"":[{""x"":919,""y"":200},{""x"":1141,""y"":200},{""x"":1141,""y"":481},{""x"":919,""y"":481}]}],""bracelet_1"":[{""geometry"":[{""x"":744,""y"":775},{""x"":907,""y"":775},{""x"":907,""y"":862},{""x"":744,""y"":862}]}],""necklace_1"":[{""geometry"":[{""x"":964,""y"":485},{""x"":1147,""y"":485},{""x"":1147,""y"":578},{""x"":964,""y"":578}]}],""left_upper_arm"":[{""geometry"":[{""x"":1153,""y"":553},{""x"":1230,""y"":553},{""x"":1230,""y"":682},{""x"":1153,""y"":682}]}],""right_upper_arm"":[{""geometry"":[{""x"":817,""y"":510},{""x"":894,""y"":510},{""x"":894,""y"":631},{""x"":817,""y"":631}]}]}",chen478@iu.edu,Inconsistency_test,1570138254000,1570504355000,16.902,VID_20190926_165237_image-0003.png,,,,,satoshi,[],https://image-segmentation-v4.labelbox.com?project=cjz1nb9jc3vpf0701i6q1e3iz&label=ck1b7rymyfxvw0944xmsj4cqq
ck1b7ti62c6pv0794vn7ee9xr,ck16vsjsetp5z0cwb9scd5drj,https://storage.labelbox.com/cjxfb4ehfdfdp0944egvsris7%2F826633f2-be8b-3625-f2da-c391c0c0c44b-VID_20190926_165237_image-0006.png?Expires=1576542940371&KeyName=labelbox-assets-key-1&Signature=u-y_DxMGiuzheG2_28BmC8gh6Do,"{""face_1"":[{""geometry"":[{""x"":969,""y"":214},{""x"":1170,""y"":214},{""x"":1170,""y"":480},{""x"":969,""y"":480}]}],""bracelet_1"":[{""geometry"":[{""x"":783,""y"":796},{""x"":957,""y"":796},{""x"":957,""y"":875},{""x"":783,""y"":875}]}],""necklace_1"":[{""geometry"":[{""x"":1006,""y"":491},{""x"":1182,""y"":491},{""x"":1182,""y"":607},{""x"":1006,""y"":607}]}],""left_upper_arm"":[{""geometry"":[{""x"":1197,""y"":580},{""x"":1286,""y"":580},{""x"":1286,""y"":690},{""x"":1197,""y"":690}]}],""right_upper_arm"":[{""geometry"":[{""x"":842,""y"":534},{""x"":937,""y"":534},{""x"":937,""y"":683},{""x"":842,""y"":683}]}]}",chen478@iu.edu,Inconsistency_test,1570138326000,1570504345000,14.983,VID_20190926_165237_image-0006.png,,,,,satoshi,[],https://image-segmentation-v4.labelbox.com?project=cjz1nb9jc3vpf0701i6q1e3iz&label=ck1b7ti62c6pv0794vn7ee9xr
ck1b7tvsse1cf08634z6m6z2u,ck16vsjsdtp5f0cwbbboohhak,https://storage.labelbox.com/cjxfb4ehfdfdp0944egvsris7%2F0d00db77-dc4f-7226-5b4e-bafc6011125c-VID_20190926_165237_image-0001.png?Expires=1576542940371&KeyName=labelbox-assets-key-1&Signature=Tx-VH8hlGoK3z70sTTFu02aODgA,"{""face_1"":[{""geometry"":[{""x"":899,""y"":189},{""x"":1125,""y"":189},{""x"":1125,""y"":475},{""x"":899,""y"":475}]}],""bracelet_1"":[{""geometry"":[{""x"":708,""y"":766},{""x"":908,""y"":766},{""x"":908,""y"":850},{""x"":708,""y"":850}]}],""necklace_1"":[{""geometry"":[{""x"":973,""y"":474},{""x"":1134,""y"":474},{""x"":1134,""y"":575},{""x"":973,""y"":575}]}],""left_upper_arm"":[{""geometry"":[{""x"":1152,""y"":552},{""x"":1235,""y"":552},{""x"":1235,""y"":656},{""x"":1152,""y"":656}]}],""right_upper_arm"":[{""geometry"":[{""x"":823,""y"":501},{""x"":887,""y"":501},{""x"":887,""y"":623},{""x"":823,""y"":623}]}]}",chen478@iu.edu,Inconsistency_test,1570138344000,1570504337000,17.057,VID_20190926_165237_image-0001.png,,,,,satoshi,[],https://image-segmentation-v4.labelbox.com?project=cjz1nb9jc3vpf0701i6q1e3iz&label=ck1b7tvsse1cf08634z6m6z2u
ck1b7u7b1c72j0794akjf2sev,ck16vsjsetp5r0cwbc9zz5qvt,https://storage.labelbox.com/cjxfb4ehfdfdp0944egvsris7%2F1172f8ee-8c4e-d07c-fb3c-e09cab400303-VID_20190926_165237_image-0004.png?Expires=1576542940372&KeyName=labelbox-assets-key-1&Signature=szvyrOGEj3kUcCv-FgQkq1IisUw,"{""face_1"":[{""geometry"":[{""x"":953,""y"":189},{""x"":1175,""y"":189},{""x"":1175,""y"":468},{""x"":953,""y"":468}]}],""bracelet_1"":[{""geometry"":[{""x"":767,""y"":791},{""x"":925,""y"":791},{""x"":925,""y"":865},{""x"":767,""y"":865}]}],""necklace_1"":[{""geometry"":[{""x"":980,""y"":475},{""x"":1145,""y"":475},{""x"":1145,""y"":582},{""x"":980,""y"":582}]}],""left_upper_arm"":[{""geometry"":[{""x"":1165,""y"":576},{""x"":1253,""y"":576},{""x"":1253,""y"":689},{""x"":1165,""y"":689}]}],""right_upper_arm"":[{""geometry"":[{""x"":827,""y"":522},{""x"":900,""y"":522},{""x"":900,""y"":641},{""x"":827,""y"":641}]}]}",chen478@iu.edu,Inconsistency_test,1570138359000,1570504326000,14.386,VID_20190926_165237_image-0004.png,,,,,satoshi,[],https://image-segmentation-v4.labelbox.com?project=cjz1nb9jc3vpf0701i6q1e3iz&label=ck1b7u7b1c72j0794akjf2sev
ck1b7ujttde4d0838z6407rhp,ck16vsjsetp630cwbba645xof,https://storage.labelbox.com/cjxfb4ehfdfdp0944egvsris7%2Fb73f3fe7-cf33-6fd1-5c02-02d3484a1d93-VID_20190926_165237_image-0007.png?Expires=1576542940372&KeyName=labelbox-assets-key-1&Signature=Ia9v3eDM1txCEOOegX7Zpq6rbX8,"{""face_1"":[{""geometry"":[{""x"":979,""y"":203},{""x"":1184,""y"":203},{""x"":1184,""y"":500},{""x"":979,""y"":500}]}],""bracelet_1"":[{""geometry"":[{""x"":760,""y"":793},{""x"":906,""y"":793},{""x"":906,""y"":879},{""x"":760,""y"":879}]}],""necklace_1"":[{""geometry"":[{""x"":1012,""y"":495},{""x"":1188,""y"":495},{""x"":1188,""y"":603},{""x"":1012,""y"":603}]}],""left_upper_arm"":[{""geometry"":[{""x"":1210,""y"":593},{""x"":1280,""y"":593},{""x"":1280,""y"":700},{""x"":1210,""y"":700}]}],""right_upper_arm"":[{""geometry"":[{""x"":860,""y"":526},{""x"":936,""y"":526},{""x"":936,""y"":647},{""x"":860,""y"":647}]}]}",chen478@iu.edu,Inconsistency_test,1570138375000,1570504312000,15.796,VID_20190926_165237_image-0007.png,,,,,satoshi,[],https://image-segmentation-v4.labelbox.com?project=cjz1nb9jc3vpf0701i6q1e3iz&label=ck1b7ujttde4d0838z6407rhp
ck1b7uroyqv9t0a46r35rmmqx,ck16vsx8ltp6j0cwb5joh9c0t,https://storage.labelbox.com/cjxfb4ehfdfdp0944egvsris7%2F7689b980-46a1-4e91-05db-16a6764e1120-VID_20190926_165301_image-0003.png?Expires=1576542940372&KeyName=labelbox-assets-key-1&Signature=P2upGz2JyLsOA4FfQWRWY6oW1IA,"{""face_1"":[{""geometry"":[{""x"":637,""y"":145},{""x"":841,""y"":145},{""x"":841,""y"":415},{""x"":637,""y"":415}]}],""bracelet_1"":[{""geometry"":[{""x"":280,""y"":317},{""x"":433,""y"":317},{""x"":433,""y"":382},{""x"":280,""y"":382}]}],""left_upper_arm"":[{""geometry"":[{""x"":790,""y"":441},{""x"":905,""y"":441},{""x"":905,""y"":535},{""x"":790,""y"":535}]}]}",chen478@iu.edu,Inconsistency_test,1570138385000,1570504286000,9.419,VID_20190926_165301_image-0003.png,,,,,satoshi,[],https://image-segmentation-v4.labelbox.com?project=cjz1nb9jc3vpf0701i6q1e3iz&label=ck1b7uroyqv9t0a46r35rmmqx
ck1b7uybtde900838jqy3oacc,ck16vsx8ltp6v0cwb0l818tes,https://storage.labelbox.com/cjxfb4ehfdfdp0944egvsris7%2F9a89e1b3-b8f1-b084-8504-b31ed7ec98fa-VID_20190926_165301_image-0006.png?Expires=1576542940372&KeyName=labelbox-assets-key-1&Signature=1MvoZdvTXiIzAyGaF_0t0aNd5sU,"{""face_1"":[{""geometry"":[{""x"":724,""y"":146},{""x"":914,""y"":146},{""x"":914,""y"":442},{""x"":724,""y"":442}]}],""bracelet_1"":[{""geometry"":[{""x"":276,""y"":449},{""x"":465,""y"":449},{""x"":465,""y"":502},{""x"":276,""y"":502}]}],""left_upper_arm"":[{""geometry"":[{""x"":831,""y"":473},{""x"":945,""y"":473},{""x"":945,""y"":572},{""x"":831,""y"":572}]}]}",chen478@iu.edu,Inconsistency_test,1570138394000,1570504278000,8.034,VID_20190926_165301_image-0006.png,,,,,satoshi,[],https://image-segmentation-v4.labelbox.com?project=cjz1nb9jc3vpf0701i6q1e3iz&label=ck1b7uybtde900838jqy3oacc
ck1b7v4slc7ed07948ha4sbnk,ck16vsx8ktp6b0cwb9hrpboxb,https://storage.labelbox.com/cjxfb4ehfdfdp0944egvsris7%2F5272ba57-68d0-e131-afe3-6b56b99c263d-VID_20190926_165301_image-0001.png?Expires=1576542940372&KeyName=labelbox-assets-key-1&Signature=6CzPYs3KhC5JwdVjUpVjyk5Uhjs,"{""face_1"":[{""geometry"":[{""x"":583,""y"":162},{""x"":828,""y"":162},{""x"":828,""y"":401},{""x"":583,""y"":401}]}],""bracelet_1"":[{""geometry"":[{""x"":225,""y"":263},{""x"":425,""y"":263},{""x"":425,""y"":341},{""x"":225,""y"":341}]}],""left_upper_arm"":[{""geometry"":[{""x"":773,""y"":435},{""x"":901,""y"":435},{""x"":901,""y"":535},{""x"":773,""y"":535}]}]}",chen478@iu.edu,Inconsistency_test,1570138402000,1570504262000,8.004,VID_20190926_165301_image-0001.png,,,,,satoshi,[],https://image-segmentation-v4.labelbox.com?project=cjz1nb9jc3vpf0701i6q1e3iz&label=ck1b7v4slc7ed07948ha4sbnk
ck1b7vatbdeed0838698jjoup,ck16vsx8ltp6n0cwbhhsq78uu,https://storage.labelbox.com/cjxfb4ehfdfdp0944egvsris7%2F3e3d3f0e-067e-7b44-ae25-f8f4dd8e2b05-VID_20190926_165301_image-0004.png?Expires=1576542940372&KeyName=labelbox-assets-key-1&Signature=YMQpueTB9neLwz7fMFBBZxqbb5o,"{""face_1"":[{""geometry"":[{""x"":661,""y"":152},{""x"":879,""y"":152},{""x"":879,""y"":471},{""x"":661,""y"":471}]}],""bracelet_1"":[{""geometry"":[{""x"":276,""y"":528},{""x"":445,""y"":528},{""x"":445,""y"":590},{""x"":276,""y"":590}]}],""left_upper_arm"":[{""geometry"":[{""x"":793,""y"":492},{""x"":942,""y"":492},{""x"":942,""y"":582},{""x"":793,""y"":582}]}]}",chen478@iu.edu,Inconsistency_test,1570138410000,1570520048000,7.183,VID_20190926_165301_image-0004.png,,,,,satoshi,[],https://image-segmentation-v4.labelbox.com?project=cjz1nb9jc3vpf0701i6q1e3iz&label=ck1b7vatbdeed0838698jjoup
ck1b7vouwfvo50701e1fpnkcs,ck16vsx8ltp6z0cwb7w4ice97,https://storage.labelbox.com/cjxfb4ehfdfdp0944egvsris7%2Fa2c51f42-af13-b81a-1388-92668a5588df-VID_20190926_165301_image-0007.png?Expires=1576542940372&KeyName=labelbox-assets-key-1&Signature=VLTlcAEpL4vWor_B2IkuPwh968c,"{""face_1"":[{""geometry"":[{""x"":733,""y"":183},{""x"":962,""y"":183},{""x"":962,""y"":454},{""x"":733,""y"":454}]}],""bracelet_1"":[{""geometry"":[{""x"":360,""y"":484},{""x"":487,""y"":484},{""x"":487,""y"":557},{""x"":360,""y"":557}]}],""necklace_1"":[{""geometry"":[{""x"":766,""y"":460},{""x"":929,""y"":460},{""x"":929,""y"":541},{""x"":766,""y"":541}]}],""left_upper_arm"":[{""geometry"":[{""x"":835,""y"":551},{""x"":996,""y"":551},{""x"":996,""y"":622},{""x"":835,""y"":622}]}]}",chen478@iu.edu,Inconsistency_test,1570138428000,1570520031000,17.747,VID_20190926_165301_image-0007.png,,,,,satoshi,[],https://image-segmentation-v4.labelbox.com?project=cjz1nb9jc3vpf0701i6q1e3iz&label=ck1b7vouwfvo50701e1fpnkcs
ck1b7whk4fz5i09446gh1gpl7,ck16vsx8ltp730cwbg324hqha,https://storage.labelbox.com/cjxfb4ehfdfdp0944egvsris7%2F6cc4dddf-c111-e842-ff55-d4791e0f93fd-VID_20190926_165301_image-0008.png?Expires=1576542940372&KeyName=labelbox-assets-key-1&Signature=DH3jhyk_zHw825jqtcDMRj-RADE,"{""face_1"":[{""geometry"":[{""x"":754,""y"":156},{""x"":973,""y"":156},{""x"":973,""y"":482},{""x"":754,""y"":482}]}],""bracelet_1"":[{""geometry"":[{""x"":527,""y"":722},{""x"":658,""y"":722},{""x"":658,""y"":788},{""x"":527,""y"":788}]}],""necklace_1"":[{""geometry"":[{""x"":778,""y"":464},{""x"":953,""y"":464},{""x"":953,""y"":543},{""x"":778,""y"":543}]}],""left_upper_arm"":[{""geometry"":[{""x"":915,""y"":546},{""x"":1002,""y"":546},{""x"":1002,""y"":669},{""x"":915,""y"":669}]}],""right_upper_arm"":[{""geometry"":[{""x"":672,""y"":440},{""x"":762,""y"":440},{""x"":762,""y"":543},{""x"":672,""y"":543}]}]}",chen478@iu.edu,Inconsistency_test,1570138465000,1570520024000,16.888,VID_20190926_165301_image-0008.png,,,,,satoshi,[],https://image-segmentation-v4.labelbox.com?project=cjz1nb9jc3vpf0701i6q1e3iz&label=ck1b7whk4fz5i09446gh1gpl7
ck1b7wt5xc7z90794nz9rn5mi,ck16vtg4gtp770cwb1d7vb1je,https://storage.labelbox.com/cjxfb4ehfdfdp0944egvsris7%2Fd0943b80-b772-4d16-e6e9-4b8b77f6b7c6-VID_20190926_165412_image-0001.png?Expires=1576542940372&KeyName=labelbox-assets-key-1&Signature=hRynBeLQ0JrQ8BKaL7FHvpqL3FM,"{""face_1"":[{""geometry"":[{""x"":367,""y"":20},{""x"":756,""y"":20},{""x"":756,""y"":452},{""x"":367,""y"":452}]}],""necklace_1"":[{""geometry"":[{""x"":474,""y"":449},{""x"":769,""y"":449},{""x"":769,""y"":722},{""x"":474,""y"":722}]}],""right_upper_arm"":[{""geometry"":[{""x"":254,""y"":680},{""x"":415,""y"":680},{""x"":415,""y"":908},{""x"":254,""y"":908}]}]}",chen478@iu.edu,Inconsistency_test,1570138480000,1570138480000,14.324,VID_20190926_165412_image-0001.png,,,,,satoshi,[],https://image-segmentation-v4.labelbox.com?project=cjz1nb9jc3vpf0701i6q1e3iz&label=ck1b7wt5xc7z90794nz9rn5mi
ck1b7x5scru880848cc67g6sp,ck16vtg4htp7j0cwbhbr8b8uw,https://storage.labelbox.com/cjxfb4ehfdfdp0944egvsris7%2F32dd1841-fcd0-a746-3edb-aab25511416d-VID_20190926_165412_image-0004.png?Expires=1576542940372&KeyName=labelbox-assets-key-1&Signature=u9yPVT9eerTRPMg0JMJqGxrHlHM,"{""face_1"":[{""geometry"":[{""x"":604,""y"":11},{""x"":973,""y"":11},{""x"":973,""y"":368},{""x"":604,""y"":368}]}],""necklace_1"":[{""geometry"":[{""x"":720,""y"":385},{""x"":966,""y"":385},{""x"":966,""y"":641},{""x"":720,""y"":641}]}],""right_upper_arm"":[{""geometry"":[{""x"":534,""y"":593},{""x"":662,""y"":593},{""x"":662,""y"":784},{""x"":534,""y"":784}]}]}",chen478@iu.edu,Inconsistency_test,1570138497000,1570138497000,15.769,VID_20190926_165412_image-0004.png,,,,,satoshi,[],https://image-segmentation-v4.labelbox.com?project=cjz1nb9jc3vpf0701i6q1e3iz&label=ck1b7x5scru880848cc67g6sp
ck1b7xihwhqej0721sgnica4x,ck16vtg4htp7v0cwb3efdgd9v,https://storage.labelbox.com/cjxfb4ehfdfdp0944egvsris7%2F3d44a4a6-f152-a870-deea-45e8531279e0-VID_20190926_165412_image-0007.png?Expires=1576542940372&KeyName=labelbox-assets-key-1&Signature=BgpJYFh-wozSAg13IX3Z6uDxVf4,"{""face_1"":[{""geometry"":[{""x"":678,""y"":2},{""x"":1022,""y"":2},{""x"":1022,""y"":335},{""x"":678,""y"":335}]}],""necklace_1"":[{""geometry"":[{""x"":775,""y"":343},{""x"":965,""y"":343},{""x"":965,""y"":577},{""x"":775,""y"":577}]}],""right_upper_arm"":[{""geometry"":[{""x"":597,""y"":507},{""x"":745,""y"":507},{""x"":745,""y"":715},{""x"":597,""y"":715}]}]}",chen478@iu.edu,Inconsistency_test,1570138513000,1570138513000,15.967,VID_20190926_165412_image-0007.png,,,,,satoshi,[],https://image-segmentation-v4.labelbox.com?project=cjz1nb9jc3vpf0701i6q1e3iz&label=ck1b7xihwhqej0721sgnica4x
ck1b7xtuedf4p0838ongjp55x,ck16vtg4htp7b0cwba8ov6p4t,https://storage.labelbox.com/cjxfb4ehfdfdp0944egvsris7%2F990cc27a-e0a6-0b32-a973-2d494d190af2-VID_20190926_165412_image-0002.png?Expires=1576542940372&KeyName=labelbox-assets-key-1&Signature=tXEsv_esqG0CPnE-AKFL24FEHBc,"{""face_1"":[{""geometry"":[{""x"":354,""y"":12},{""x"":760,""y"":12},{""x"":760,""y"":456},{""x"":354,""y"":456}]}],""necklace_1"":[{""geometry"":[{""x"":466,""y"":443},{""x"":755,""y"":443},{""x"":755,""y"":717},{""x"":466,""y"":717}]}],""right_upper_arm"":[{""geometry"":[{""x"":244,""y"":662},{""x"":430,""y"":662},{""x"":430,""y"":921},{""x"":244,""y"":921}]}]}",chen478@iu.edu,Inconsistency_test,1570138528000,1570138528000,14.207,VID_20190926_165412_image-0002.png,,,,,satoshi,[],https://image-segmentation-v4.labelbox.com?project=cjz1nb9jc3vpf0701i6q1e3iz&label=ck1b7xtuedf4p0838ongjp55x
ck1b7y8bcfwh80701sbja2c5o,ck16vtg4htp7n0cwbc68p0qvd,https://storage.labelbox.com/cjxfb4ehfdfdp0944egvsris7%2F2362c167-6d1d-013c-ba3e-8acec7714e26-VID_20190926_165412_image-0005.png?Expires=1576542940372&KeyName=labelbox-assets-key-1&Signature=oy25NHIA0N3CwVjEQwzsic0kgRU,"{""face_1"":[{""geometry"":[{""x"":363,""y"":1},{""x"":815,""y"":1},{""x"":815,""y"":438},{""x"":363,""y"":438}]}],""necklace_1"":[{""geometry"":[{""x"":492,""y"":442},{""x"":784,""y"":442},{""x"":784,""y"":717},{""x"":492,""y"":717}]}],""right_upper_arm"":[{""geometry"":[{""x"":276,""y"":681},{""x"":445,""y"":681},{""x"":445,""y"":942},{""x"":276,""y"":942}]}]}",chen478@iu.edu,Inconsistency_test,1570138547000,1570138547000,17.314,VID_20190926_165412_image-0005.png,,,,,satoshi,[],https://image-segmentation-v4.labelbox.com?project=cjz1nb9jc3vpf0701i6q1e3iz&label=ck1b7y8bcfwh80701sbja2c5o
ck1b7yjexfwkd0701rzyl20ma,ck16vtg4htp7f0cwb92sh5ga5,https://storage.labelbox.com/cjxfb4ehfdfdp0944egvsris7%2Fe8476eca-0f6d-d0da-7859-585e79ee7250-VID_20190926_165412_image-0003.png?Expires=1576542940373&KeyName=labelbox-assets-key-1&Signature=kXrb85GyjLow6-OxvYrdJUrdJxY,"{""face_1"":[{""geometry"":[{""x"":472,""y"":0},{""x"":878,""y"":0},{""x"":878,""y"":379},{""x"":472,""y"":379}]}],""necklace_1"":[{""geometry"":[{""x"":613,""y"":378},{""x"":869,""y"":378},{""x"":869,""y"":640},{""x"":613,""y"":640}]}],""right_upper_arm"":[{""geometry"":[{""x"":417,""y"":605},{""x"":578,""y"":605},{""x"":578,""y"":835},{""x"":417,""y"":835}]}]}",chen478@iu.edu,Inconsistency_test,1570138561000,1570138561000,14.025,VID_20190926_165412_image-0003.png,,,,,satoshi,[],https://image-segmentation-v4.labelbox.com?project=cjz1nb9jc3vpf0701i6q1e3iz&label=ck1b7yjexfwkd0701rzyl20ma
ck1b7yvdpe2sc0863wrsggvof,ck16vtg4htp7r0cwbg04z8y2d,https://storage.labelbox.com/cjxfb4ehfdfdp0944egvsris7%2F3d88fdc6-7585-6f10-a532-f8428a6f70aa-VID_20190926_165412_image-0006.png?Expires=1576542940373&KeyName=labelbox-assets-key-1&Signature=TfnDzzcSY46l9g2PPb9kfJzxO6E,"{""face_1"":[{""geometry"":[{""x"":498,""y"":0},{""x"":928,""y"":0},{""x"":928,""y"":406},{""x"":498,""y"":406}]}],""necklace_1"":[{""geometry"":[{""x"":626,""y"":407},{""x"":877,""y"":407},{""x"":877,""y"":680},{""x"":626,""y"":680}]}],""right_upper_arm"":[{""geometry"":[{""x"":445,""y"":699},{""x"":592,""y"":699},{""x"":592,""y"":853},{""x"":445,""y"":853}]}]}",chen478@iu.edu,Inconsistency_test,1570138576000,1570138576000,14.974,VID_20190926_165412_image-0006.png,,,,,satoshi,[],https://image-segmentation-v4.labelbox.com?project=cjz1nb9jc3vpf0701i6q1e3iz&label=ck1b7yvdpe2sc0863wrsggvof
ck1b7z3rhfzvi0944ld6lkwwz,ck16vtrvytp870cwbazne5nq1,https://storage.labelbox.com/cjxfb4ehfdfdp0944egvsris7%2F2ed04ada-30f4-21d1-5136-a0ba81854edb-VID_20190926_165636_image-0003.png?Expires=1576542940373&KeyName=labelbox-assets-key-1&Signature=HHy3k8F4qz7Vd-onrZjb3n9VXb0,"{""face_1"":[{""geometry"":[{""x"":604,""y"":123},{""x"":814,""y"":123},{""x"":814,""y"":376},{""x"":604,""y"":376}]}],""bracelet_1"":[{""geometry"":[{""x"":497,""y"":768},{""x"":654,""y"":768},{""x"":654,""y"":846},{""x"":497,""y"":846}]}],""necklace_1"":[{""geometry"":[{""x"":640,""y"":376},{""x"":790,""y"":376},{""x"":790,""y"":494},{""x"":640,""y"":494}]}],""left_upper_arm"":[{""geometry"":[{""x"":811,""y"":486},{""x"":895,""y"":486},{""x"":895,""y"":601},{""x"":811,""y"":601}]}],""right_upper_arm"":[{""geometry"":[{""x"":493,""y"":431},{""x"":555,""y"":431},{""x"":555,""y"":543},{""x"":493,""y"":543}]}]}",chen478@iu.edu,Inconsistency_test,1570138587000,1570504241000,10.514,VID_20190926_165636_image-0003.png,,,,,satoshi,[],https://image-segmentation-v4.labelbox.com?project=cjz1nb9jc3vpf0701i6q1e3iz&label=ck1b7z3rhfzvi0944ld6lkwwz
ck1b7zbgrdfn60838x8yy3c8y,ck16vtrvytp8j0cwb9k0v9955,https://storage.labelbox.com/cjxfb4ehfdfdp0944egvsris7%2F6e1a1bff-3a73-51d7-a082-882b8b6e85ea-VID_20190926_165636_image-0006.png?Expires=1576542940373&KeyName=labelbox-assets-key-1&Signature=F4tijXwDbC5H1ODC7TcsV0yjzE4,"{""face_1"":[{""geometry"":[{""x"":542,""y"":220},{""x"":753,""y"":220},{""x"":753,""y"":501},{""x"":542,""y"":501}]}],""bracelet_1"":[{""geometry"":[{""x"":450,""y"":768},{""x"":617,""y"":768},{""x"":617,""y"":840},{""x"":450,""y"":840}]}],""necklace_1"":[{""geometry"":[{""x"":555,""y"":486},{""x"":728,""y"":486},{""x"":728,""y"":595},{""x"":555,""y"":595}]}],""left_upper_arm"":[{""geometry"":[{""x"":766,""y"":516},{""x"":845,""y"":516},{""x"":845,""y"":637},{""x"":766,""y"":637}]}],""right_upper_arm"":[{""geometry"":[{""x"":438,""y"":457},{""x"":512,""y"":457},{""x"":512,""y"":596},{""x"":438,""y"":596}]}]}",chen478@iu.edu,Inconsistency_test,1570138597000,1570504224000,9.618,VID_20190926_165636_image-0006.png,,,,,satoshi,[],https://image-segmentation-v4.labelbox.com?project=cjz1nb9jc3vpf0701i6q1e3iz&label=ck1b7zbgrdfn60838x8yy3c8y
ck1b7zisrqwte0a46a5lhwsb1,ck16vtrvxtp7z0cwb1o8tagqt,https://storage.labelbox.com/cjxfb4ehfdfdp0944egvsris7%2F92c9a548-d747-ac41-d51d-77866559f9dc-VID_20190926_165636_image-0001.png?Expires=1576542940373&KeyName=labelbox-assets-key-1&Signature=Z3JZc5FehfcwMFXoQCPu7ZlGfNk,"{""face_1"":[{""geometry"":[{""x"":631,""y"":130},{""x"":793,""y"":130},{""x"":793,""y"":403},{""x"":631,""y"":403}]}],""bracelet_1"":[{""geometry"":[{""x"":489,""y"":772},{""x"":650,""y"":772},{""x"":650,""y"":845},{""x"":489,""y"":845}]}],""necklace_1"":[{""geometry"":[{""x"":653,""y"":374},{""x"":800,""y"":374},{""x"":800,""y"":493},{""x"":653,""y"":493}]}],""left_upper_arm"":[{""geometry"":[{""x"":814,""y"":469},{""x"":888,""y"":469},{""x"":888,""y"":594},{""x"":814,""y"":594}]}],""right_upper_arm"":[{""geometry"":[{""x"":493,""y"":441},{""x"":573,""y"":441},{""x"":573,""y"":550},{""x"":493,""y"":550}]}]}",chen478@iu.edu,Inconsistency_test,1570138607000,1570504211000,9.136,VID_20190926_165636_image-0001.png,,,,,satoshi,[],https://image-segmentation-v4.labelbox.com?project=cjz1nb9jc3vpf0701i6q1e3iz&label=ck1b7zisrqwte0a46a5lhwsb1
ck1b7zoc6fwu80701tk0knio3,ck16vtrvytp8b0cwb7qohal9k,https://storage.labelbox.com/cjxfb4ehfdfdp0944egvsris7%2Fd09c5ca1-acf0-111d-d232-f01183b7cf6a-VID_20190926_165636_image-0004.png?Expires=1576542940373&KeyName=labelbox-assets-key-1&Signature=dVADccpIFOl_IBKVk5aDZtIj9Qo,"{""face_1"":[{""geometry"":[{""x"":506,""y"":169},{""x"":718,""y"":169},{""x"":718,""y"":422},{""x"":506,""y"":422}]}],""bracelet_1"":[{""geometry"":[{""x"":601,""y"":422},{""x"":730,""y"":422},{""x"":730,""y"":518},{""x"":601,""y"":518}]}],""necklace_1"":[{""geometry"":[{""x"":454,""y"":788},{""x"":627,""y"":788},{""x"":627,""y"":885},{""x"":454,""y"":885}]}],""left_upper_arm"":[{""geometry"":[{""x"":788,""y"":501},{""x"":873,""y"":501},{""x"":873,""y"":604},{""x"":788,""y"":604}]}],""right_upper_arm"":[{""geometry"":[{""x"":458,""y"":446},{""x"":532,""y"":446},{""x"":532,""y"":563},{""x"":458,""y"":563}]}]}",chen478@iu.edu,Inconsistency_test,1570138614000,1570504187000,6.17,VID_20190926_165636_image-0004.png,,,,,satoshi,[],https://image-segmentation-v4.labelbox.com?project=cjz1nb9jc3vpf0701i6q1e3iz&label=ck1b7zoc6fwu80701tk0knio3
ck1b7zus1c9500794sx6opl1j,ck16vtrvytp8n0cwbegql6g9n,https://storage.labelbox.com/cjxfb4ehfdfdp0944egvsris7%2F35005a32-3bce-6ed1-bf42-abd7a1a19e41-VID_20190926_165636_image-0007.png?Expires=1576542940373&KeyName=labelbox-assets-key-1&Signature=agzH9CCXfBj9fNtD648gvrMpb-s,"{""face_1"":[{""geometry"":[{""x"":550,""y"":218},{""x"":756,""y"":218},{""x"":756,""y"":487},{""x"":550,""y"":487}]}],""bracelet_1"":[{""geometry"":[{""x"":474,""y"":682},{""x"":633,""y"":682},{""x"":633,""y"":770},{""x"":474,""y"":770}]}],""necklace_1"":[{""geometry"":[{""x"":595,""y"":481},{""x"":723,""y"":481},{""x"":723,""y"":582},{""x"":595,""y"":582}]}],""left_upper_arm"":[{""geometry"":[{""x"":766,""y"":526},{""x"":844,""y"":526},{""x"":844,""y"":635},{""x"":766,""y"":635}]}],""right_upper_arm"":[{""geometry"":[{""x"":444,""y"":461},{""x"":525,""y"":461},{""x"":525,""y"":580},{""x"":444,""y"":580}]}]}",chen478@iu.edu,Inconsistency_test,1570138622000,1570504175000,7.983,VID_20190926_165636_image-0007.png,,,,,satoshi,[],https://image-segmentation-v4.labelbox.com?project=cjz1nb9jc3vpf0701i6q1e3iz&label=ck1b7zus1c9500794sx6opl1j
ck1b801v4fwxy0701fios4s6j,ck16vtrvytp830cwbhm9gasrr,https://storage.labelbox.com/cjxfb4ehfdfdp0944egvsris7%2F26d02f90-4ed1-854c-6e19-1b3caec2e8fe-VID_20190926_165636_image-0002.png?Expires=1576542940373&KeyName=labelbox-assets-key-1&Signature=ONOvtRcPUFGA4VaS0TLSNfUxGpA,"{""face_1"":[{""geometry"":[{""x"":629,""y"":132},{""x"":821,""y"":132},{""x"":821,""y"":386},{""x"":629,""y"":386}]}],""bracelet_1"":[{""geometry"":[{""x"":463,""y"":781},{""x"":631,""y"":781},{""x"":631,""y"":870},{""x"":463,""y"":870}]}],""necklace_1"":[{""geometry"":[{""x"":648,""y"":388},{""x"":793,""y"":388},{""x"":793,""y"":493},{""x"":648,""y"":493}]}],""left_upper_arm"":[{""geometry"":[{""x"":807,""y"":480},{""x"":898,""y"":480},{""x"":898,""y"":589},{""x"":807,""y"":589}]}],""right_upper_arm"":[{""geometry"":[{""x"":491,""y"":433},{""x"":554,""y"":433},{""x"":554,""y"":543},{""x"":491,""y"":543}]}]}",chen478@iu.edu,Inconsistency_test,1570138632000,1570504160000,8.719,VID_20190926_165636_image-0002.png,,,,,satoshi,[],https://image-segmentation-v4.labelbox.com?project=cjz1nb9jc3vpf0701i6q1e3iz&label=ck1b801v4fwxy0701fios4s6j
ck1b807fqg07u0944i5333p0t,ck16vtrvytp8f0cwb5wwl42v2,https://storage.labelbox.com/cjxfb4ehfdfdp0944egvsris7%2F148ffcbe-a800-cab2-fd4c-503b15c3b958-VID_20190926_165636_image-0005.png?Expires=1576542940373&KeyName=labelbox-assets-key-1&Signature=WR0045Z--_pyuEmGhwY8dWHs8Hg,"{""face_1"":[{""geometry"":[{""x"":526,""y"":153},{""x"":742,""y"":153},{""x"":742,""y"":424},{""x"":526,""y"":424}]}],""bracelet_1"":[{""geometry"":[{""x"":438,""y"":796},{""x"":623,""y"":796},{""x"":623,""y"":870},{""x"":438,""y"":870}]}],""necklace_1"":[{""geometry"":[{""x"":581,""y"":424},{""x"":750,""y"":424},{""x"":750,""y"":516},{""x"":581,""y"":516}]}],""left_upper_arm"":[{""geometry"":[{""x"":774,""y"":487},{""x"":865,""y"":487},{""x"":865,""y"":595},{""x"":774,""y"":595}]}],""right_upper_arm"":[{""geometry"":[{""x"":436,""y"":455},{""x"":511,""y"":455},{""x"":511,""y"":564},{""x"":436,""y"":564}]}]}",chen478@iu.edu,Inconsistency_test,1570138639000,1570504137000,6.616,VID_20190926_165636_image-0005.png,,,,,satoshi,[],https://image-segmentation-v4.labelbox.com?project=cjz1nb9jc3vpf0701i6q1e3iz&label=ck1b807fqg07u0944i5333p0t
ck1b80f0kg0at0944kndw3wnd,ck16vtrvytp8r0cwbd4dp5jbf,https://storage.labelbox.com/cjxfb4ehfdfdp0944egvsris7%2F111ad88e-3c94-3320-f13d-c3a5f35b218f-VID_20190926_165636_image-0008.png?Expires=1576542940373&KeyName=labelbox-assets-key-1&Signature=DBzGFDf5GAmaox0U1QTDFfIzo98,"{""face_1"":[{""geometry"":[{""x"":576,""y"":218},{""x"":748,""y"":218},{""x"":748,""y"":478},{""x"":576,""y"":478}]}],""bracelet_1"":[{""geometry"":[{""x"":528,""y"":497},{""x"":709,""y"":497},{""x"":709,""y"":557},{""x"":528,""y"":557}]}],""necklace_1"":[{""geometry"":[{""x"":598,""y"":462},{""x"":745,""y"":462},{""x"":745,""y"":519},{""x"":598,""y"":519}]}],""left_upper_arm"":[{""geometry"":[{""x"":810,""y"":487},{""x"":891,""y"":487},{""x"":891,""y"":572},{""x"":810,""y"":572}]}]}",chen478@iu.edu,Inconsistency_test,1570138649000,1570504120000,7.177,VID_20190926_165636_image-0008.png,,,,,satoshi,[],https://image-segmentation-v4.labelbox.com?project=cjz1nb9jc3vpf0701i6q1e3iz&label=ck1b80f0kg0at0944kndw3wnd
ck1b80m35qx440a46j9mju75u,ck16vuc42tp930cwb19yff2xx,https://storage.labelbox.com/cjxfb4ehfdfdp0944egvsris7%2F2e85e66f-99ef-152d-e86e-ccec209c31c9-VID_20190926_165708_image-0003.png?Expires=1576542940373&KeyName=labelbox-assets-key-1&Signature=GxvPM1OZ0xDkcjWY__bmCCd8paE,"{""face_1"":[{""geometry"":[{""x"":881,""y"":112},{""x"":1110,""y"":112},{""x"":1110,""y"":353},{""x"":881,""y"":353}]}],""bracelet_1"":[{""geometry"":[{""x"":716,""y"":379},{""x"":859,""y"":379},{""x"":859,""y"":488},{""x"":716,""y"":488}]}],""necklace_1"":[{""geometry"":[{""x"":878,""y"":333},{""x"":1021,""y"":333},{""x"":1021,""y"":437},{""x"":878,""y"":437}]}],""left_upper_arm"":[{""geometry"":[{""x"":1028,""y"":387},{""x"":1093,""y"":387},{""x"":1093,""y"":485},{""x"":1028,""y"":485}]}]}",chen478@iu.edu,Inconsistency_test,1570138658000,1570504102000,8.719,VID_20190926_165708_image-0003.png,,,,,satoshi,[],https://image-segmentation-v4.labelbox.com?project=cjz1nb9jc3vpf0701i6q1e3iz&label=ck1b80m35qx440a46j9mju75u
ck1b80tz1c9gk07942sb6auhy,ck16vuc43tp9f0cwb18fx6xfw,https://storage.labelbox.com/cjxfb4ehfdfdp0944egvsris7%2Fe6c40549-1a1f-87b9-dfbd-9492df6f5540-VID_20190926_165708_image-0006.png?Expires=1576542940373&KeyName=labelbox-assets-key-1&Signature=XRiiYjfMFunCAiyAVBGN8gkjTjs,"{""face_1"":[{""geometry"":[{""x"":960,""y"":134},{""x"":1167,""y"":134},{""x"":1167,""y"":387},{""x"":960,""y"":387}]}],""bracelet_1"":[{""geometry"":[{""x"":786,""y"":411},{""x"":959,""y"":411},{""x"":959,""y"":511},{""x"":786,""y"":511}]}],""necklace_1"":[{""geometry"":[{""x"":945,""y"":358},{""x"":1077,""y"":358},{""x"":1077,""y"":457},{""x"":945,""y"":457}]}],""left_upper_arm"":[{""geometry"":[{""x"":1094,""y"":435},{""x"":1155,""y"":435},{""x"":1155,""y"":530},{""x"":1094,""y"":530}]}]}",chen478@iu.edu,Inconsistency_test,1570138668000,1570504088000,9.906,VID_20190926_165708_image-0006.png,,,,,satoshi,[],https://image-segmentation-v4.labelbox.com?project=cjz1nb9jc3vpf0701i6q1e3iz&label=ck1b80tz1c9gk07942sb6auhy
ck1b81214g0ih09443m4vi0mr,ck16vuc43tp9r0cwbewej4i8x,https://storage.labelbox.com/cjxfb4ehfdfdp0944egvsris7%2F82f74165-e44d-aa2a-1024-87459725337c-VID_20190926_165708_image-0009.png?Expires=1576542940374&KeyName=labelbox-assets-key-1&Signature=0HH2IQ756GdTDuD6VRqTeXlGMvU,"{""face_1"":[{""geometry"":[{""x"":976,""y"":147},{""x"":1180,""y"":147},{""x"":1180,""y"":395},{""x"":976,""y"":395}]}],""bracelet_1"":[{""geometry"":[{""x"":791,""y"":424},{""x"":959,""y"":424},{""x"":959,""y"":519},{""x"":791,""y"":519}]}],""necklace_1"":[{""geometry"":[{""x"":961,""y"":368},{""x"":1095,""y"":368},{""x"":1095,""y"":474},{""x"":961,""y"":474}]}],""left_upper_arm"":[{""geometry"":[{""x"":1100,""y"":436},{""x"":1182,""y"":436},{""x"":1182,""y"":533},{""x"":1100,""y"":533}]}]}",chen478@iu.edu,Inconsistency_test,1570138678000,1570504075000,10.071,VID_20190926_165708_image-0009.png,,,,,satoshi,[],https://image-segmentation-v4.labelbox.com?project=cjz1nb9jc3vpf0701i6q1e3iz&label=ck1b81214g0ih09443m4vi0mr
ck1b819a7rvgo0848cx784v08,ck16vuc42tp8v0cwb1set1ze9,https://storage.labelbox.com/cjxfb4ehfdfdp0944egvsris7%2F63621d91-2def-ff46-fc33-3d831cf1a586-VID_20190926_165708_image-0001.png?Expires=1576542940374&KeyName=labelbox-assets-key-1&Signature=7YPgBo7dsXp4PWv9a-DG3Cuakic,"{""face_1"":[{""geometry"":[{""x"":885,""y"":97},{""x"":1092,""y"":97},{""x"":1092,""y"":339},{""x"":885,""y"":339}]}],""bracelet_1"":[{""geometry"":[{""x"":741,""y"":382},{""x"":866,""y"":382},{""x"":866,""y"":491},{""x"":741,""y"":491}]}],""necklace_1"":[{""geometry"":[{""x"":887,""y"":323},{""x"":1038,""y"":323},{""x"":1038,""y"":423},{""x"":887,""y"":423}]}],""left_upper_arm"":[{""geometry"":[{""x"":1028,""y"":399},{""x"":1100,""y"":399},{""x"":1100,""y"":487},{""x"":1028,""y"":487}]}]}",chen478@iu.edu,Inconsistency_test,1570138688000,1570504063000,9.069,VID_20190926_165708_image-0001.png,,,,,satoshi,[],https://image-segmentation-v4.labelbox.com?project=cjz1nb9jc3vpf0701i6q1e3iz&label=ck1b819a7rvgo0848cx784v08
ck1b81i6kdgby0838153ktryl,ck16vuc43tp970cwb2gij8ptw,https://storage.labelbox.com/cjxfb4ehfdfdp0944egvsris7%2Fe30c866b-e635-f8b7-586e-def5631579e7-VID_20190926_165708_image-0004.png?Expires=1576542940374&KeyName=labelbox-assets-key-1&Signature=-JbSQYxpnAwI1xmO-tHizBVzo1U,"{""face_1"":[{""geometry"":[{""x"":890,""y"":99},{""x"":1086,""y"":99},{""x"":1086,""y"":337},{""x"":890,""y"":337}]}],""bracelet_1"":[{""geometry"":[{""x"":738,""y"":381},{""x"":861,""y"":381},{""x"":861,""y"":498},{""x"":738,""y"":498}]}],""necklace_1"":[{""geometry"":[{""x"":884,""y"":329},{""x"":1025,""y"":329},{""x"":1025,""y"":414},{""x"":884,""y"":414}]}],""left_upper_arm"":[{""geometry"":[{""x"":1027,""y"":393},{""x"":1108,""y"":393},{""x"":1108,""y"":484},{""x"":1027,""y"":484}]}]}",chen478@iu.edu,Inconsistency_test,1570138699000,1570504046000,10.477,VID_20190926_165708_image-0004.png,,,,,satoshi,[],https://image-segmentation-v4.labelbox.com?project=cjz1nb9jc3vpf0701i6q1e3iz&label=ck1b81i6kdgby0838153ktryl
ck1b81pxbhru207215r0askdc,ck16vuc43tp9j0cwbdmb695o2,https://storage.labelbox.com/cjxfb4ehfdfdp0944egvsris7%2Fd387295f-9b66-641c-2fab-4a1d4315041a-VID_20190926_165708_image-0007.png?Expires=1576542940374&KeyName=labelbox-assets-key-1&Signature=a8q_fyKr_DnKsmitmc5p79jv2aY,"{""face_1"":[{""geometry"":[{""x"":955,""y"":129},{""x"":1178,""y"":129},{""x"":1178,""y"":377},{""x"":955,""y"":377}]}],""bracelet_1"":[{""geometry"":[{""x"":804,""y"":427},{""x"":944,""y"":427},{""x"":944,""y"":529},{""x"":804,""y"":529}]}],""necklace_1"":[{""geometry"":[{""x"":951,""y"":371},{""x"":1094,""y"":371},{""x"":1094,""y"":461},{""x"":951,""y"":461}]}],""left_upper_arm"":[{""geometry"":[{""x"":1093,""y"":442},{""x"":1161,""y"":442},{""x"":1161,""y"":522},{""x"":1093,""y"":522}]}]}",chen478@iu.edu,Inconsistency_test,1570138709000,1570504034000,9.584,VID_20190926_165708_image-0007.png,,,,,satoshi,[],https://image-segmentation-v4.labelbox.com?project=cjz1nb9jc3vpf0701i6q1e3iz&label=ck1b81pxbhru207215r0askdc
ck1b81xyhdghk0838tzyqgxfg,ck16vuc42tp8z0cwbfx6c0fo6,https://storage.labelbox.com/cjxfb4ehfdfdp0944egvsris7%2F10d7aa4f-5530-69fa-e88e-4f6cc6537190-VID_20190926_165708_image-0002.png?Expires=1576542940374&KeyName=labelbox-assets-key-1&Signature=prqs71FCDN3nPQt1YTw1NN2qJMU,"{""face_1"":[{""geometry"":[{""x"":884,""y"":89},{""x"":1104,""y"":89},{""x"":1104,""y"":317},{""x"":884,""y"":317}]}],""bracelet_1"":[{""geometry"":[{""x"":739,""y"":392},{""x"":899,""y"":392},{""x"":899,""y"":496},{""x"":739,""y"":496}]}],""necklace_1"":[{""geometry"":[{""x"":894,""y"":318},{""x"":1012,""y"":318},{""x"":1012,""y"":420},{""x"":894,""y"":420}]}],""left_upper_arm"":[{""geometry"":[{""x"":1028,""y"":391},{""x"":1101,""y"":391},{""x"":1101,""y"":487},{""x"":1028,""y"":487}]}]}",chen478@iu.edu,Inconsistency_test,1570138720000,1570503996000,9.43,VID_20190926_165708_image-0002.png,,,,,satoshi,[],https://image-segmentation-v4.labelbox.com?project=cjz1nb9jc3vpf0701i6q1e3iz&label=ck1b81xyhdghk0838tzyqgxfg
ck1b826itg0xv0944wkibdie6,ck16vuc43tp9b0cwbdmhbfsqk,https://storage.labelbox.com/cjxfb4ehfdfdp0944egvsris7%2F7c5b028b-343c-9eea-e6cc-775949a6361a-VID_20190926_165708_image-0005.png?Expires=1576542940374&KeyName=labelbox-assets-key-1&Signature=CqgOITHhBKh8Hj1ZXYLd8vt3q8M,"{""face_1"":[{""geometry"":[{""x"":986,""y"":51},{""x"":1140,""y"":51},{""x"":1140,""y"":282},{""x"":986,""y"":282}]}],""bracelet_1"":[{""geometry"":[{""x"":817,""y"":345},{""x"":946,""y"":345},{""x"":946,""y"":452},{""x"":817,""y"":452}]}],""necklace_1"":[{""geometry"":[{""x"":946,""y"":296},{""x"":1081,""y"":296},{""x"":1081,""y"":378},{""x"":946,""y"":378}]}],""left_upper_arm"":[{""geometry"":[{""x"":1087,""y"":359},{""x"":1162,""y"":359},{""x"":1162,""y"":454},{""x"":1087,""y"":454}]}],""right_upper_arm"":[{""geometry"":[{""x"":828,""y"":279},{""x"":915,""y"":279},{""x"":915,""y"":339},{""x"":828,""y"":339}]}]}",chen478@iu.edu,Inconsistency_test,1570138731000,1570503945000,10.688,VID_20190926_165708_image-0005.png,,,,,satoshi,[],https://image-segmentation-v4.labelbox.com?project=cjz1nb9jc3vpf0701i6q1e3iz&label=ck1b826itg0xv0944wkibdie6
ck1b82edqrvsw0848nypcjht5,ck16vuc43tp9n0cwbdhu29fki,https://storage.labelbox.com/cjxfb4ehfdfdp0944egvsris7%2F8e7b2386-5531-bade-a6db-6f86b72eae28-VID_20190926_165708_image-0008.png?Expires=1576542940374&KeyName=labelbox-assets-key-1&Signature=kDl1nghEUg9bEaHAV0yvJsFQyY8,"{""face_1"":[{""geometry"":[{""x"":958,""y"":149},{""x"":1152,""y"":149},{""x"":1152,""y"":398},{""x"":958,""y"":398}]}],""bracelet_1"":[{""geometry"":[{""x"":818,""y"":437},{""x"":955,""y"":437},{""x"":955,""y"":551},{""x"":818,""y"":551}]}],""necklace_1"":[{""geometry"":[{""x"":964,""y"":369},{""x"":1074,""y"":369},{""x"":1074,""y"":473},{""x"":964,""y"":473}]}],""left_upper_arm"":[{""geometry"":[{""x"":1091,""y"":433},{""x"":1162,""y"":433},{""x"":1162,""y"":523},{""x"":1091,""y"":523}]}],""right_upper_arm"":[{""geometry"":[{""x"":834,""y"":369},{""x"":917,""y"":369},{""x"":917,""y"":430},{""x"":834,""y"":430}]}]}",chen478@iu.edu,Inconsistency_test,1570138741000,1570503919000,9.792,VID_20190926_165708_image-0008.png,,,,,satoshi,[],https://image-segmentation-v4.labelbox.com?project=cjz1nb9jc3vpf0701i6q1e3iz&label=ck1b82edqrvsw0848nypcjht5
ck1b82ke9hs620721blgbmplc,ck16vuq0stpa30cwb8067ckv6,https://storage.labelbox.com/cjxfb4ehfdfdp0944egvsris7%2Fa585eaa2-0cd1-4c92-4824-b457c450f51a-VID_20190926_165742_image-0003.png?Expires=1576542940374&KeyName=labelbox-assets-key-1&Signature=W2W-WZX9JOxXWihWCGKtWaO5DK4,"{""face_1"":[{""geometry"":[{""x"":429,""y"":228},{""x"":655,""y"":228},{""x"":655,""y"":490},{""x"":429,""y"":490}]}],""bracelet_1"":[{""geometry"":[{""x"":654,""y"":320},{""x"":719,""y"":320},{""x"":719,""y"":400},{""x"":654,""y"":400}]}],""necklace_1"":[{""geometry"":[{""x"":534,""y"":474},{""x"":686,""y"":474},{""x"":686,""y"":559},{""x"":534,""y"":559}]}]}",chen478@iu.edu,Inconsistency_test,1570138749000,1570503903000,7.333,VID_20190926_165742_image-0003.png,,,,,satoshi,[],https://image-segmentation-v4.labelbox.com?project=cjz1nb9jc3vpf0701i6q1e3iz&label=ck1b82ke9hs620721blgbmplc
ck1b82rmme43m0863vzu0tdg0,ck16vuq0ttpaf0cwbhmng9rtd,https://storage.labelbox.com/cjxfb4ehfdfdp0944egvsris7%2F6cf2a443-94b2-54f0-3f8b-d8cbd7e82a0d-VID_20190926_165742_image-0006.png?Expires=1576542940374&KeyName=labelbox-assets-key-1&Signature=PZFIAzdMa26qpJL5-Mul_7q5hYw,"{""face_1"":[{""geometry"":[{""x"":471,""y"":192},{""x"":692,""y"":192},{""x"":692,""y"":442},{""x"":471,""y"":442}]}],""bracelet_1"":[{""geometry"":[{""x"":690,""y"":282},{""x"":776,""y"":282},{""x"":776,""y"":366},{""x"":690,""y"":366}]}],""necklace_1"":[{""geometry"":[{""x"":591,""y"":428},{""x"":711,""y"":428},{""x"":711,""y"":534},{""x"":591,""y"":534}]}]}",chen478@iu.edu,Inconsistency_test,1570138758000,1570503889000,8.397,VID_20190926_165742_image-0006.png,,,,,satoshi,[],https://image-segmentation-v4.labelbox.com?project=cjz1nb9jc3vpf0701i6q1e3iz&label=ck1b82rmme43m0863vzu0tdg0
ck1b82yu4e45h0863xla0n4jv,ck16vuq0stp9v0cwb4shg0e3c,https://storage.labelbox.com/cjxfb4ehfdfdp0944egvsris7%2Fbe230307-b692-782c-bd20-0a8387078a66-VID_20190926_165742_image-0001.png?Expires=1576542940374&KeyName=labelbox-assets-key-1&Signature=_1MdiN0RL8FQUuKZI-elxrsZN1k,"{""face_1"":[{""geometry"":[{""x"":426,""y"":234},{""x"":639,""y"":234},{""x"":639,""y"":465},{""x"":426,""y"":465}]}],""bracelet_1"":[{""geometry"":[{""x"":647,""y"":315},{""x"":720,""y"":315},{""x"":720,""y"":382},{""x"":647,""y"":382}]}],""necklace_1"":[{""geometry"":[{""x"":533,""y"":453},{""x"":668,""y"":453},{""x"":668,""y"":554},{""x"":533,""y"":554}]}]}",chen478@iu.edu,Inconsistency_test,1570138768000,1570503874000,8.586,VID_20190926_165742_image-0001.png,,,,,satoshi,[],https://image-segmentation-v4.labelbox.com?project=cjz1nb9jc3vpf0701i6q1e3iz&label=ck1b82yu4e45h0863xla0n4jv
ck1b836g1ca6k0794qfvr4p50,ck16vuq0stpa70cwb69r4gxzd,https://storage.labelbox.com/cjxfb4ehfdfdp0944egvsris7%2Fbfdd98e0-71d4-c81a-59b4-fe2a4ed2a47c-VID_20190926_165742_image-0004.png?Expires=1576542940374&KeyName=labelbox-assets-key-1&Signature=Z4v6beeRKnwam4tBOcl6ObLo70k,"{""face_1"":[{""geometry"":[{""x"":454,""y"":225},{""x"":676,""y"":225},{""x"":676,""y"":455},{""x"":454,""y"":455}]}],""bracelet_1"":[{""geometry"":[{""x"":671,""y"":316},{""x"":724,""y"":316},{""x"":724,""y"":371},{""x"":671,""y"":371}]}],""necklace_1"":[{""geometry"":[{""x"":556,""y"":448},{""x"":686,""y"":448},{""x"":686,""y"":552},{""x"":556,""y"":552}]}]}",chen478@iu.edu,Inconsistency_test,1570138777000,1570503854000,9.498,VID_20190926_165742_image-0004.png,,,,,satoshi,[],https://image-segmentation-v4.labelbox.com?project=cjz1nb9jc3vpf0701i6q1e3iz&label=ck1b836g1ca6k0794qfvr4p50
ck1b83dgpg19a0944xz4voz3v,ck16vuq0ttpaj0cwbc8o4efsx,https://storage.labelbox.com/cjxfb4ehfdfdp0944egvsris7%2F6588f30a-9248-d071-6405-e4581a37b9c7-VID_20190926_165742_image-0007.png?Expires=1576542940374&KeyName=labelbox-assets-key-1&Signature=jQh6W2Ky6OmRDAItYBtjw8ara2M,"{""face_1"":[{""geometry"":[{""x"":476,""y"":194},{""x"":699,""y"":194},{""x"":699,""y"":440},{""x"":476,""y"":440}]}],""bracelet_1"":[{""geometry"":[{""x"":696,""y"":291},{""x"":761,""y"":291},{""x"":761,""y"":349},{""x"":696,""y"":349}]}],""necklace_1"":[{""geometry"":[{""x"":588,""y"":429},{""x"":713,""y"":429},{""x"":713,""y"":524},{""x"":588,""y"":524}]}]}",chen478@iu.edu,Inconsistency_test,1570138787000,1570503605000,8.599,VID_20190926_165742_image-0007.png,,,,,satoshi,[],https://image-segmentation-v4.labelbox.com?project=cjz1nb9jc3vpf0701i6q1e3iz&label=ck1b83dgpg19a0944xz4voz3v
ck1b84hu6dh9a08389azo2avj,ck16vuq0stp9z0cwb0nsh1e62,https://storage.labelbox.com/cjxfb4ehfdfdp0944egvsris7%2F17a6254b-0e0c-0cd4-6cd0-3cefdd767f72-VID_20190926_165742_image-0002.png?Expires=1576542940374&KeyName=labelbox-assets-key-1&Signature=uMiR9s1uNYl9GLYk54jJYn_gqTc,"{""face_1"":[{""geometry"":[{""x"":432,""y"":226},{""x"":643,""y"":226},{""x"":643,""y"":474},{""x"":432,""y"":474}]}],""bracelet_1"":[{""geometry"":[{""x"":647,""y"":321},{""x"":705,""y"":321},{""x"":705,""y"":394},{""x"":647,""y"":394}]}],""necklace_1"":[{""geometry"":[{""x"":531,""y"":456},{""x"":667,""y"":456},{""x"":667,""y"":557},{""x"":531,""y"":557}]}]}",chen478@iu.edu,Inconsistency_test,1570138839000,1570503590000,50.692,VID_20190926_165742_image-0002.png,,,,,satoshi,[],https://image-segmentation-v4.labelbox.com?project=cjz1nb9jc3vpf0701i6q1e3iz&label=ck1b84hu6dh9a08389azo2avj
ck1b84oupfyg60701tfz23yv6,ck16vuq0stpab0cwbamdw55ww,https://storage.labelbox.com/cjxfb4ehfdfdp0944egvsris7%2F8922db04-5520-58ab-b1c7-170f9fd0685b-VID_20190926_165742_image-0005.png?Expires=1576542940374&KeyName=labelbox-assets-key-1&Signature=G38qXPt5ne2ErMHA4AqSCtkmO_o,"{""face_1"":[{""geometry"":[{""x"":456,""y"":206},{""x"":683,""y"":206},{""x"":683,""y"":440},{""x"":456,""y"":440}]}],""bracelet_1"":[{""geometry"":[{""x"":681,""y"":301},{""x"":743,""y"":301},{""x"":743,""y"":371},{""x"":681,""y"":371}]}],""necklace_1"":[{""geometry"":[{""x"":556,""y"":401},{""x"":716,""y"":401},{""x"":716,""y"":539},{""x"":556,""y"":539}]}]}",chen478@iu.edu,Inconsistency_test,1570138848000,1570503548000,8.545,VID_20190926_165742_image-0005.png,,,,,satoshi,[],https://image-segmentation-v4.labelbox.com?project=cjz1nb9jc3vpf0701i6q1e3iz&label=ck1b84oupfyg60701tfz23yv6
